date,ICICI_LargeMidcap,Nifty50_BeES,fund_ret,bench_ret
2006-06-20,9.07,290.497,-0.015200868621064068,-0.01899057984840624
2006-06-21,9.26,296.7886,0.02094818081587646,0.02165805498851947
2006-06-22,9.48,304.0115,0.023758099352051865,0.02433685121328799
2006-06-23,9.52,308.9646,0.00421940928270037,0.016292475778054483
2006-06-26,9.15,298.8128,-0.03886554621848737,-0.03285748593851867
2006-06-27,9.2,302.7821,0.005464480874316724,0.013283567504471128
2006-06-28,9.19,302.6445,-0.0010869565217390686,-0.00045445222818663034
2006-06-29,9.24,304.6288,0.005440696409140466,0.0065565374556617595
2006-06-30,9.62,317.9266,0.04112554112554112,0.04365247146691309
2006-07-03,9.67,320.2203,0.005197505197505281,0.007214558328872078
2006-07-04,9.62,318.9682,-0.005170630816959787,-0.003910120626331226
2006-07-05,9.8,324.8864,0.01871101871101888,0.01855420070088476
2006-07-06,9.7,320.9369,-0.010204081632653184,-0.012156556876495861
2006-07-07,9.52,312.8193,-0.01855670103092777,-0.025293445533997483
2006-07-10,9.68,319.7167,0.01680672268907557,0.02204915105941363
2006-07-11,9.65,317.0964,-0.0030991735537189147,-0.008195693249680058
2006-07-12,9.85,325.1667,0.02072538860103612,0.02545062006380383
2006-07-13,9.81,322.4698,-0.004060913705583702,-0.008293899713592956
2006-07-14,9.69,317.8715,-0.012232415902140747,-0.014259629894024184
2006-07-17,9.4,306.1337,-0.02992776057791524,-0.03692624220793639
2006-07-18,9.33,304.7218,-0.007446808510638281,-0.004612037158927662
2006-07-19,9.11,298.5564,-0.023579849946409492,-0.02023288127071965
2006-07-20,9.38,307.6941,0.029637760702524885,0.03060627740688182
2006-07-21,9.17,299.8015,-0.022388059701492602,-0.02565080058408664
2006-07-24,9.24,303.9295,0.007633587786259666,0.013769110561488329
2006-07-25,9.42,309.4607,0.01948051948051943,0.018198957323984466
2006-07-26,9.57,316.5138,0.015923566878981,0.022791585490500088
2006-07-27,9.7,321.183,0.013584117032392706,0.014751963421500092
2006-07-28,9.69,318.6712,-0.0010309278350515427,-0.007820463723173354
2006-07-31,9.73,319.9193,0.004127966976264386,0.003916576082181322
2006-08-01,9.72,320.4019,-0.0010277492291880241,0.001508505426212059
2006-08-02,9.83,323.8827,0.011316872427983515,0.010863855676261469
2006-08-03,9.86,324.6798,0.003051881993896277,0.0024610761859154007
2006-08-04,9.81,323.3313,-0.0050709939148071426,-0.004153322750599209
2006-08-07,9.77,320.7187,-0.004077471967380286,-0.00808025699955428
2006-08-08,9.96,327.0746,0.01944728761514858,0.019817678233292835
2006-08-09,10.09,331.3949,0.013052208835341306,0.013208913195949856
2006-08-10,10.13,332.0131,0.003964321110009994,0.0018654481405717682
2006-08-11,10.19,333.5192,0.005923000987166693,0.0045362667918826816
2006-08-14,10.3,337.5899,0.01079489695780178,0.012205294327882754
2006-08-16,10.41,341.9459,0.010679611650485477,0.012903229628611568
2006-08-17,10.4,341.7251,-0.0009606147934677622,-0.0006457161790798249
2006-08-18,10.42,342.0648,0.0019230769230769162,0.0009940738915579228
2006-08-21,10.48,342.9886,0.0057581573896352545,0.002700657887043656
2006-08-22,10.48,342.8425,0.0,-0.00042596167919295436
2006-08-23,10.37,339.9389,-0.010496183206107013,-0.008469195038538047
2006-08-24,10.48,343.4472,0.010607521697203692,0.010320384045485964
2006-08-25,10.54,345.0203,0.005725190839694472,0.004580325592987933
2006-08-28,10.6,346.5519,0.00569259962049351,0.00443915908716086
2006-08-29,10.64,349.0429,0.0037735849056603765,0.007187956551385266
2006-08-30,10.65,349.5125,0.0009398496240602405,0.0013453933599567591
2006-08-31,10.61,347.7996,-0.003755868544600971,-0.004900826150709858
2006-09-01,10.69,349.9908,0.007540056550424223,0.006300179758688573
2006-09-04,10.81,354.1835,0.01122544434050532,0.01197945774574638
2006-09-05,10.85,353.8661,0.0037002775208139216,-0.0008961456420187863
2006-09-06,10.9,354.8334,0.004608294930875667,0.002733519825719233
2006-09-07,10.83,352.5327,-0.006422018348623881,-0.006483887931632126
2006-09-08,10.89,354.2435,0.005540166204986097,0.004852883150981535
2006-09-11,10.54,343.5388,-0.032139577594123225,-0.03021847966158875
2006-09-12,10.62,345.9467,0.007590132827324458,0.0070091063949691
2006-09-13,10.78,352.509,0.015065913370998052,0.018969107090774262
2006-09-14,10.84,354.2348,0.005565862708719838,0.004895761526656051
2006-09-15,10.89,354.9472,0.004612546125461359,0.0020110954654934954
2006-09-18,10.92,356.3842,0.0027548209366390353,0.0040484894654755355
2006-09-19,10.77,352.7779,-0.013736263736263798,-0.010119135472335894
2006-09-20,10.87,357.3994,0.00928505106778088,0.01310031042193982
2006-09-21,11.0,362.5046,0.011959521619135272,0.01428429930212527
2006-09-22,10.99,361.6236,-0.0009090909090908594,-0.0024303139877396296
2006-09-25,10.94,359.5151,-0.0045495905368517775,-0.0058306482209679045
2006-09-26,11.05,364.4126,0.010054844606947055,0.013622515438155292
2006-09-27,11.09,365.1737,0.0036199095022624306,0.0020885666412193693
2006-09-28,11.06,364.4026,-0.0027051397655545317,-0.0021115978505571453
2006-09-29,11.16,366.0942,0.009041591320072317,0.004642118360297154
2006-10-04,11.01,358.6475,-0.013440860215053752,-0.020340939572383365
2006-10-05,11.15,363.6858,0.012715712988192518,0.014048055542001503
2006-10-06,11.18,364.1696,0.0026905829596413078,0.0013302691499090802
2006-10-09,11.21,363.9014,0.0026833631484795006,-0.0007364700403328373
2006-10-10,11.21,364.2942,0.0,0.0010794132696383407
2006-10-11,11.1,363.0196,-0.009812667261373864,-0.0034988204588488614
2006-10-12,11.27,369.3729,0.015315315315315381,0.017501258885195048
2006-10-13,11.38,374.9695,0.00976042590949433,0.015151625904336719
2006-10-16,11.48,379.8321,0.008787346221441172,0.012967988063029345
2006-10-17,11.46,378.9177,-0.0017421602787456303,-0.0024073794710873786
2006-10-18,11.46,378.4697,0.0,-0.0011823147876175444
2006-10-19,11.36,375.1785,-0.008726003490401535,-0.008696072631441787
2006-10-20,11.38,375.1038,0.0017605633802817433,-0.00019910522591248814
2006-10-23,11.33,373.1656,-0.004393673110720586,-0.005167103079200985
2006-10-26,11.43,375.2172,0.008826125330979595,0.005497827238094777
2006-10-27,11.63,381.5046,0.017497812773403343,0.01675669452253259
2006-10-30,11.68,384.5204,0.004299226139294898,0.007905016086306782
2006-10-31,11.7,381.9744,0.001712328767123239,-0.006621235180240048
2006-11-01,11.76,384.3095,0.00512820512820511,0.006113236908023234
2006-11-02,11.84,386.8219,0.006802721088435382,0.006537439225416053
2006-11-03,11.88,388.273,0.0033783783783785104,0.003751338794416803
2006-11-06,11.91,388.6602,0.002525252525252375,0.0009972364805175271
2006-11-07,11.9,387.5855,-0.0008396305625524292,-0.0027651403462457536
2006-11-08,11.84,385.4016,-0.005042016806722782,-0.0056346277144012635
2006-11-09,11.86,387.3525,0.0016891891891892552,0.005061992477457311
2006-11-10,11.96,391.2541,0.008431703204047292,0.010072479201760576
2006-11-13,12.06,393.6845,0.00836120401337781,0.006211819888916281
2006-11-14,12.04,394.4067,-0.0016583747927032544,0.0018344638917711098
2006-11-15,12.07,395.4809,0.002491694352159568,0.002723584563852466
2006-11-16,12.08,395.5327,0.0008285004142500885,0.00013097977677301031
2006-11-17,11.95,393.0811,-0.010761589403973537,-0.006198223307453454
2006-11-20,11.88,393.4125,-0.0058577405857739295,0.0008430830177283966
2006-11-21,12.08,399.7306,0.01683501683501687,0.016059733740031
2006-11-22,12.24,403.441,0.013245033112582849,0.00928225159645013
2006-11-23,12.23,402.4896,-0.0008169934640522847,-0.0023582134686359613
2006-11-24,12.25,403.0338,0.0016353229762877675,0.001352084625292127
2006-11-27,12.3,404.8615,0.004081632653061273,0.004534855389299874
2006-11-28,12.18,400.0602,-0.00975609756097573,-0.011859117253678053
2006-11-29,12.25,400.7125,0.005747126436781658,0.001630504609056338
2006-11-30,12.27,403.3849,0.0016326530612245094,0.00666912062887981
2006-12-01,12.44,407.7693,0.013854930725346382,0.010869023604998418
2006-12-04,12.57,408.1306,0.010450160771704242,0.000886040219310269
2006-12-05,12.55,409.6301,-0.0015910898965790787,0.0036740690357448536
2006-12-06,12.49,409.6446,-0.004780876494023922,3.539778937144966e-05
2006-12-07,12.51,409.5796,0.0016012810248198228,-0.0001586741287448179
2006-12-08,12.39,404.1474,-0.00959232613908867,-0.013262867584225457
2006-12-11,12.06,392.6861,-0.026634382566586012,-0.02835920755645094
2006-12-12,11.64,379.1894,-0.03482587064676612,-0.034370200524031835
2006-12-13,11.86,384.0972,0.018900343642611617,0.012942872348224999
2006-12-14,12.1,391.9992,0.02023608768971341,0.020572917480262687
2006-12-15,12.19,396.6351,0.007438016528925617,0.01182629964550963
2006-12-19,11.96,391.5481,-0.01886792452830177,-0.012825390390311053
2006-12-20,11.9,389.8521,-0.0050167224080267525,-0.004331524019654198
2006-12-21,11.92,391.6669,0.001680672268907557,0.004655098689990256
2006-12-22,12.08,395.4982,0.01342281879194629,0.009782036725595189
2006-12-26,12.28,402.5276,0.01655629139072845,0.01777353221835143
2006-12-27,12.37,406.878,0.0073289902280129215,0.010807706105121717
2006-12-28,12.34,406.4953,-0.0024252223120452276,-0.0009405767822295852
2006-12-29,12.37,406.0671,0.002431118314424552,-0.0010533947132967958
2007-01-02,12.52,410.2296,0.012126111560226471,0.01025076890001686
2007-01-03,12.55,411.9214,0.0023961661341853624,0.004124032005491607
2007-01-04,12.46,408.3161,-0.007171314741035828,-0.008752397908921461
2007-01-05,12.39,407.7743,-0.005617977528089901,-0.0013269131440079018
2007-01-08,12.23,394.754,-0.012913640032284124,-0.03193016332809584
2007-01-09,12.13,392.5442,-0.00817661488143906,-0.00559791667722187
2007-01-10,12.02,386.4272,-0.00906842539159125,-0.015582958556004556
2007-01-11,12.25,395.6236,0.019134775374376023,0.0237985317803715
2007-01-12,12.56,406.6512,0.025306122448979673,0.027873969095878026
2007-01-15,12.67,409.2823,0.00875796178343946,0.0064701641111597485
2007-01-16,12.68,409.4864,0.0007892659826360671,0.0004986778074693721
2007-01-17,12.72,409.074,0.003154574132492094,-0.0010071152546213824
2007-01-18,12.76,412.3357,0.0031446540880502027,0.007973374010570078
2007-01-19,12.67,410.4632,-0.007053291536050166,-0.004541202714196224
2007-01-22,12.7,411.7377,0.0023677979479084232,0.0031050286603038213
2007-01-23,12.56,408.0932,-0.011023622047244053,-0.008851509103975697
2007-01-24,12.64,410.4738,0.006369426751592355,0.005833471373695831
2007-01-25,12.79,416.256,0.011867088607594889,0.014086648161222515
2007-01-29,12.73,413.9092,-0.004691164972634776,-0.005637876691266808
2007-01-31,12.6,409.7216,-0.010212097407698462,-0.010117194785716266
2007-02-01,12.75,415.3046,0.011904761904761862,0.013626325778284487
2007-02-02,12.86,419.9323,0.008627450980392082,0.01114290571305987
2007-02-05,12.89,423.1022,0.002332814930015692,0.007548597714441163
2007-02-06,12.86,421.1963,-0.002327385570209506,-0.004504585416951201
2007-02-07,12.99,424.0293,0.010108864696734221,0.006726079977435573
2007-02-08,12.97,423.9366,-0.0015396458814472824,-0.0002186169682141248
2007-02-09,12.86,420.3108,-0.008481110254433433,-0.008552693964144709
2007-02-12,12.46,408.1581,-0.031104199066873894,-0.028913603933089504
2007-02-13,12.43,406.8283,-0.0024077046548957037,-0.0032580512306382703
2007-02-14,12.42,407.1208,-0.0008045052292839916,0.0007189765313768692
2007-02-15,12.73,417.0316,0.02495974235104681,0.024343634616556198
2007-02-19,12.76,418.8844,0.002356637863314859,0.0044428287928302
2007-02-20,12.61,413.1072,-0.011755485893416906,-0.01379187193411846
2007-02-21,12.59,412.0499,-0.0015860428231562196,-0.0025593841017537144
2007-02-22,12.42,406.4136,-0.013502779984114421,-0.01367868309153819
2007-02-23,12.14,396.2943,-0.02254428341384862,-0.024899019127312516
2007-02-26,12.19,396.5803,0.004118616144975107,0.0007216858783989366
2007-02-27,12.07,391.7519,-0.009844134536505234,-0.012175087869972456
2007-02-28,11.64,376.8484,-0.03562551781275891,-0.038043210511550685
2007-03-01,11.78,383.4533,0.012027491408934665,0.017526676509705297
2007-03-02,11.51,374.9744,-0.02292020373514425,-0.02211194948641726
2007-03-05,11.09,359.8855,-0.036490008688097264,-0.0402398137046156
2007-03-06,11.32,367.8191,0.02073940486925152,0.022044789245468488
2007-03-07,11.2,364.9325,-0.010600706713780994,-0.007847879569059857
2007-03-08,11.6,378.45,0.03571428571428581,0.03704109664115962
2007-03-09,11.47,374.1113,-0.011206896551724022,-0.011464394239661724
2007-03-12,11.53,375.7644,0.0052310374891018085,0.004418738487717455
2007-03-13,11.61,379.3666,0.006938421509106618,0.00958632589995223
2007-03-14,11.26,366.4823,-0.030146425495262696,-0.033962663028321405
2007-03-15,11.31,366.806,0.004440497335701732,0.0008832623021628461
2007-03-16,11.22,363.3662,-0.007957559681697646,-0.009377709197777584
2007-03-19,11.4,370.4086,0.016042780748663166,0.019380999113291164
2007-03-20,11.47,372.2785,0.006140350877193113,0.0050482089238750305
2007-03-21,11.65,379.3364,0.015693112467306092,0.01895865595246571
2007-03-22,11.95,390.5205,0.025751072961373245,0.029483329308761297
2007-03-23,11.93,389.0883,-0.0016736401673639323,-0.0036674131063543225
2007-03-26,11.83,385.0922,-0.008382229673092989,-0.010270419336690484
2007-03-28,11.64,379.2381,-0.01606086221470837,-0.015201814007139158
2007-03-30,11.85,385.3001,0.018041237113401998,0.01598468086407978
2007-04-02,11.32,366.422,-0.044725738396624415,-0.04899583467536073
2007-04-03,11.47,372.1017,0.013250883392226243,0.015500433925910384
2007-04-04,11.6,376.3492,0.011333914559720881,0.01141489006903229
2007-04-05,11.69,378.2136,0.00775862068965516,0.004953909826299618
2007-04-09,11.97,387.3706,0.023952095808383422,0.02421118648298215
2007-04-10,11.96,387.8326,-0.0008354218880534114,0.0011926563347863794
2007-04-11,11.96,389.2793,0.0,0.00373021762482062
2007-04-12,11.86,385.9826,-0.008361204013378032,-0.008468726695716855
2007-04-13,12.16,394.754,0.025295109612141653,0.02272485858170814
2007-04-16,12.43,404.3691,0.022203947368421018,0.024357194607274257
2007-04-17,12.32,401.5149,-0.008849557522123797,-0.007058402830483312
2007-04-18,12.41,404.1802,0.007305194805194759,0.006638109818589477
2007-04-19,12.38,402.7777,-0.002417405318291599,-0.0034699869018819385
2007-04-20,12.6,411.4958,0.017770597738287375,0.02164494211074741
2007-04-23,12.6,412.2345,0.0,0.0017951580550763513
2007-04-24,12.79,417.9344,0.015079365079365026,0.013826838850217404
2007-04-25,12.83,420.496,0.0031274433150900727,0.006129191566906167
2007-04-26,12.86,421.5524,0.002338269680436378,0.0025122712225562616
2007-04-27,12.63,412.0919,-0.017884914463452417,-0.022442049908860562
2007-04-30,12.66,412.533,0.002375296912114022,0.0010703923081234468
2007-05-03,12.85,418.8262,0.01500789889415488,0.015255022022480524
2007-05-04,12.71,415.462,-0.010894941634241206,-0.008032448781857493
2007-05-07,12.65,414.8228,-0.004720692368214041,-0.0015385281927108307
2007-05-08,12.56,411.3909,-0.007114624505928813,-0.008273171098599152
2007-05-09,12.57,411.6137,0.0007961783439489611,0.0005415773659553924
2007-05-10,12.49,410.3523,-0.006364359586316648,-0.0030645238484530157
2007-05-11,12.53,411.3348,0.0032025620496396456,0.002394284130977198
2007-05-14,12.68,417.1242,0.011971268954509284,0.014074666184334506
2007-05-15,12.71,415.7074,0.0023659305993690705,-0.0033965902721538876
2007-05-16,12.87,420.793,0.012588512981903888,0.012233604694070976
2007-05-17,13.0,425.7181,0.010101010101010166,0.011704329682290293
2007-05-18,12.99,425.204,-0.0007692307692307443,-0.0012076066298332133
2007-05-21,13.15,429.8506,0.012317167051578037,0.01092793106367762
2007-05-22,13.19,431.5762,0.003041825095057016,0.004014418032683986
2007-05-23,13.12,428.3608,-0.005307050796057644,-0.007450364501100815
2007-05-24,12.99,424.2012,-0.009908536585365724,-0.009710505723212748
2007-05-25,13.09,428.5427,0.007698229407236301,0.01023453021820786
2007-05-28,13.14,429.3679,0.0038197097020626902,0.0019255957457682271
2007-05-29,13.27,433.0506,0.009893455098934467,0.008577026834097223
2007-05-30,13.15,428.6636,-0.00904295403165023,-0.010130455886679268
2007-05-31,13.29,433.2997,0.010646387832699444,0.010815240668906823
2007-06-01,13.3,433.5311,0.0007524454477052522,0.0005340414498324897
2007-06-04,13.19,430.4972,-0.008270676691729428,-0.006998113860804844
2007-06-05,13.21,432.2599,0.0015163002274451998,0.004094567862462206
2007-06-06,12.93,423.6404,-0.021196063588190817,-0.019940549655427242
2007-06-07,12.85,421.7887,-0.006187161639597871,-0.004370924019522215
2007-06-08,12.77,418.4978,-0.006225680933852118,-0.0078022479028007075
2007-06-11,12.76,418.5389,-0.000783085356303781,9.82084015734852e-05
2007-06-12,12.8,419.6087,0.0031347962382446415,0.0025560348154018975
2007-06-13,12.69,415.5102,-0.008593750000000067,-0.009767433325381436
2007-06-14,12.87,421.4044,0.014184397163120588,0.014185452005750943
2007-06-15,12.9,421.624,0.002331002331002363,0.0005211146347783302
2007-06-18,12.83,419.1547,-0.005426356589147363,-0.00585664003946651
2007-06-19,13.02,425.9094,0.014809041309431059,0.016115052509252603
2007-06-20,13.14,429.3534,0.009216589861751334,0.008086226789077777
2007-06-21,13.21,431.2333,0.0053272450532724225,0.004378444423637884
2007-06-22,13.15,429.6841,-0.004542013626040897,-0.003592486943842177
2007-06-25,13.17,430.4086,0.0015209125475283969,0.0016861224327360258
2007-06-26,13.23,433.0466,0.004555808656036442,0.0061290596888632365
2007-06-27,13.13,430.8449,-0.0075585789871503994,-0.005084210336716688
2007-06-28,13.17,432.7668,0.0030464584920029125,0.004460769989385938
2007-06-29,13.33,436.4221,0.012148823082763771,0.008446350320773233
2007-07-02,13.3,435.9618,-0.0022505626406601476,-0.0010547128571170017
2007-07-03,13.44,440.348,0.010526315789473495,0.010060973232058457
2007-07-04,13.44,440.5108,0.0,0.000369707594902291
2007-07-05,13.46,440.0012,0.0014880952380953438,-0.0011568388334634028
2007-07-06,13.54,443.1119,0.005943536404160454,0.007069753446127036
2007-07-09,13.65,446.5701,0.008124076809453484,0.007804349194864946
2007-07-10,13.59,445.2865,-0.00439560439560438,-0.002874352761190302
2007-07-11,13.53,443.3815,-0.004415011037527616,-0.004278144520437954
2007-07-12,13.69,449.3088,0.01182557280118246,0.013368397192936587
2007-07-13,13.91,455.1834,0.016070124178232392,0.013074749481870818
2007-07-16,13.91,456.1505,0.0,0.0021246381129014225
2007-07-17,13.88,454.6442,-0.0021567217828899476,-0.003302199602981948
2007-07-18,13.87,454.9201,-0.0007204610951009327,0.0006068481683039195
2007-07-19,14.05,461.2016,0.012977649603460817,0.013807919236806576
2007-07-20,14.09,461.5922,0.002846975088967918,0.0008469181373178536
2007-07-23,14.25,466.9352,0.011355571327182457,0.011575152266437794
2007-07-24,14.25,467.0719,0.0,0.0002927601088973386
2007-07-25,14.18,463.84,-0.0049122807017544234,-0.006919491410209089
2007-07-26,14.21,466.9622,0.0021156558533146352,0.006731200413935934
2007-07-27,13.75,449.4368,-0.032371569317382165,-0.037530660940007565
2007-07-30,13.72,448.9009,-0.0021818181818181737,-0.001192381220229466
2007-07-31,13.99,457.8373,0.019679300291545188,0.01990728911436812
2007-08-01,13.49,439.4082,-0.035739814152966454,-0.04025250891528498
2007-08-02,13.56,440.5013,0.005189028910304039,0.002487664090019326
2007-08-03,13.69,445.1146,0.009587020648967437,0.010472840829300667
2007-08-06,13.56,438.8519,-0.009495982468955333,-0.014069859761957959
2007-08-07,13.58,440.6698,0.001474926253687281,0.004142399748069847
2007-08-08,13.87,451.4713,0.02135493372606767,0.024511550371729474
2007-08-09,13.69,445.5201,-0.012977649603460706,-0.013181790293203544
2007-08-10,13.49,438.4714,-0.014609203798392922,-0.01582128393309301
2007-08-13,13.6,442.5152,0.008154188287620379,0.009222494329162556
2007-08-14,13.58,442.1688,-0.0014705882352941124,-0.0007827979694257081
2007-08-16,13.04,422.8772,-0.0397643593519883,-0.043629491723522706
2007-08-17,12.83,415.8422,-0.01610429447852757,-0.016636035236707092
2007-08-20,13.13,426.0022,0.02338269680436489,0.02443234476924183
2007-08-21,12.73,412.4745,-0.030464584920030457,-0.03175500032628953
2007-08-22,12.94,420.3832,0.0164964650432049,0.019173791349525793
2007-08-23,12.84,416.5557,-0.007727975270479082,-0.009104788202763503
2007-08-24,13.06,424.1288,0.017133956386292892,0.01818028177264175
2007-08-27,13.4,435.4487,0.026033690658499253,0.026689769711464972
2007-08-28,13.45,437.2657,0.003731343283581934,0.004172707370581286
2007-08-29,13.58,441.154,0.009665427509293778,0.0088923050676053
2007-08-30,13.68,446.5525,0.007363770250368162,0.012237223282572485
2007-08-31,13.86,451.7591,0.013157894736842035,0.011659547309666785
2007-09-03,13.93,452.8259,0.005050505050504972,0.00236143555270929
2007-09-04,13.97,453.3409,0.002871500358937684,0.0011373024378684704
2007-09-05,13.95,452.9916,-0.0014316392269149159,-0.0007705018453000312
2007-09-06,14.08,457.2968,0.00931899641577072,0.009503928991177801
2007-09-07,14.04,456.3713,-0.0028409090909091717,-0.0020238497186072513
2007-09-10,14.06,456.7244,0.0014245014245015675,0.0007737121067867836
2007-09-11,14.0,455.6284,-0.004267425320056972,-0.002399696622295666
2007-09-12,14.02,455.6028,0.0014285714285713347,-5.618613765079328e-05
2007-09-13,14.12,458.8352,0.007132667617689048,0.0070947764148947545
2007-09-14,14.06,457.755,-0.004249291784702458,-0.0023542221695284082
2007-09-17,14.02,455.3783,-0.002844950213371278,-0.005192078732072725
2007-09-18,14.19,460.5769,0.012125534950071293,0.011416002914499845
2007-09-19,14.69,479.3658,0.03523608174770976,0.04079427344271913
2007-09-20,14.74,480.8918,0.0034036759700477592,0.003183372697843634
2007-09-21,14.93,489.7148,0.012890094979647104,0.018347162501003433
2007-09-24,15.15,499.2324,0.014735432016075078,0.019434985424169327
2007-09-25,15.16,499.9004,0.0006600660066007347,0.0013380541807783697
2007-09-26,15.17,500.0623,0.0006596306068602509,0.0003238645138110563
2007-09-27,15.38,506.1042,0.013843111404087116,0.012082294546099659
2007-09-28,15.53,508.196,0.00975292587776333,0.004133140961880999
2007-10-01,15.57,512.9717,0.0025756600128783447,0.009397358499476649
2007-10-03,15.9,527.2433,0.021194605009633882,0.02782141782870262
2007-10-04,15.87,526.9714,-0.0018867924528302993,-0.0005157011952545698
2007-10-05,15.83,524.652,-0.002520478890989275,-0.00440137738025248
2007-10-08,15.51,514.4787,-0.020214782059380987,-0.01939056746186052
2007-10-09,16.2,538.873,0.044487427466150864,0.047415568419062026
2007-10-10,16.5,550.3712,0.0185185185185186,0.02133749510552585
2007-10-11,16.76,558.7718,0.01575757575757586,0.015263516695640966
2007-10-12,16.46,549.0246,-0.017899761336515607,-0.01744397265574249
2007-10-15,17.09,573.4289,0.03827460510328051,0.04445028510562188
2007-10-16,17.04,573.18,-0.0029256875365711865,-0.00043405555597220147
2007-10-17,16.78,562.198,-0.015258215962441146,-0.01915977528873991
2007-10-18,16.19,541.2459,-0.03516090584028608,-0.03726818665310083
2007-10-19,15.79,527.5576,-0.02470660901791244,-0.025290353238703545
2007-10-22,15.77,524.4303,-0.001266624445851794,-0.005927883514520449
2007-10-23,16.59,553.6608,0.048735438676587146,0.05241275355320959
2007-10-24,16.63,555.9121,0.0024110910186858625,0.004066208046515252
2007-10-25,16.89,563.2773,0.0156343956704752,0.013248857148459248
2007-10-26,17.28,576.64,0.023090586145648295,0.023723128910041247
2007-10-29,17.74,597.0603,0.02662037037037024,0.03541256243063273
2007-10-30,17.54,593.3126,-0.011273957158962733,-0.006276920438354372
2007-10-31,17.6,596.5407,0.003420752565564511,0.005440808100148242
2007-11-01,17.52,593.0552,-0.00454545454545463,-0.005842853639324241
2007-11-02,17.71,599.6988,0.01084474885844755,0.011202329901162544
2007-11-05,17.45,591.1141,-0.014680971202710391,-0.01431501947310887
2007-11-06,17.35,585.0236,-0.005730659025787843,-0.010303425345462136
2007-11-07,17.33,584.6974,-0.0011527377521615145,-0.0005575843436058658
2007-11-08,17.04,576.2702,-0.016733987305250997,-0.014412925386704245
2007-11-12,16.78,568.0117,-0.015258215962441146,-0.01433095100180437
2007-11-13,17.03,575.891,0.014898688915375491,0.01387172130433223
2007-11-14,17.7,600.3131,0.039342337052260534,0.042407504197842893
2007-11-15,17.63,597.708,-0.00395480225988698,-0.004339568801680294
2007-11-16,17.63,597.1686,0.0,-0.0009024473488726814
2007-11-19,17.64,597.2234,0.0005672149744753163,9.176637887531314e-05
2007-11-20,17.31,584.4447,-0.018707482993197355,-0.02139685082667553
2007-11-21,16.66,562.2877,-0.0375505488157134,-0.037911200152897284
2007-11-22,16.59,558.0828,-0.004201680672268893,-0.007478200216721742
2007-11-23,16.8,567.0619,0.012658227848101333,0.016089189632792822
2007-11-26,17.11,579.4385,0.018452380952380887,0.02182583594489418
2007-11-27,17.07,576.0551,-0.0023378141437755406,-0.005839101129800572
2007-11-28,16.9,567.9264,-0.009958992384300092,-0.014110976536793274
2007-11-29,16.88,569.6373,-0.0011834319526626835,0.0030125382443924043
2007-11-30,17.27,582.5633,0.023104265402843716,0.02269163202620339
2007-12-03,17.54,592.8368,0.015634047481181135,0.01763499348482811
2007-12-04,17.54,592.1568,0.0,-0.0011470273100456785
2007-12-05,17.74,600.3792,0.011402508551881407,0.013885511405087314
2007-12-06,17.71,601.8497,-0.0016910935738443378,0.0024492853849700236
2007-12-07,17.75,603.8096,0.0022586109542630517,0.003256460873869438
2007-12-10,17.66,602.4102,-0.005070422535211283,-0.0023176180040860306
2007-12-11,18.0,616.0645,0.01925254813137034,0.022666116875178943
2007-12-12,18.13,622.2714,0.007222222222222241,0.010075081424104182
2007-12-13,17.86,612.0423,-0.014892443463871974,-0.016438325785179897
2007-12-14,17.8,610.9811,-0.0033594624860021627,-0.0017338670872911743
2007-12-17,17.13,583.7067,-0.03764044943820233,-0.04464033339165485
2007-12-18,17.01,580.2015,-0.007005253940455147,-0.0060050706973210355
2007-12-19,17.03,581.1463,0.0011757789535566943,0.0016283997886941126
2007-12-20,17.06,582.6786,0.0017615971814444187,0.0026366854611308277
2007-12-24,17.61,604.6754,0.03223915592028148,0.03775117191535782
2007-12-26,17.91,613.9607,0.017035775127768327,0.015355842159280764
2007-12-27,17.92,615.0336,0.0005583472920156485,0.0017475059885754263
2007-12-28,17.93,614.8452,0.0005580357142855874,-0.00030632472762459617
2007-12-31,18.1,620.7522,0.009481316229782655,0.009607296275550459
2008-01-01,18.08,621.3254,-0.0011049723756907381,0.0009233958413679133
2008-01-02,18.18,624.8432,0.005530973451327581,0.005661767569779208
2008-01-03,18.09,624.7487,-0.004950495049504955,-0.00015123794257509982
2008-01-04,18.36,634.387,0.014925373134328401,0.01542748308239772
2008-01-07,18.39,634.8411,0.0016339869281045694,0.0007158091196699523
2008-01-08,18.41,635.7153,0.0010875475802065715,0.001377037498044853
2008-01-09,18.34,634.1088,-0.0038022813688213253,-0.0025270746197235683
2008-01-10,18.04,622.5128,-0.016357688113413316,-0.01828708259528966
2008-01-11,18.19,626.8256,0.008314855875831695,0.006928050314788825
2008-01-14,18.21,627.4897,0.001099505222649677,0.0010594653441085011
2008-01-15,17.84,614.1261,-0.020318506315211482,-0.021296923280174962
2008-01-16,17.45,600.1648,-0.021860986547085237,-0.022733604710823974
2008-01-17,17.36,597.8901,-0.005157593123209181,-0.003790125645489417
2008-01-18,16.78,576.9878,-0.033410138248847865,-0.03496010387193227
2008-01-21,15.45,527.016,-0.04630020833333341,-0.05105914516425059
2008-01-22,14.6,495.9081,-0.04630020833333341,-0.05105914516425059
2008-01-23,15.48,526.1784,0.048735438676587146,0.05241275355320959
2008-01-24,14.96,509.05,-0.03359173126614989,-0.032552457493504106
2008-01-25,15.94,544.152,0.048735438676587146,0.05241275355320959
2008-01-28,15.65,532.8831,-0.018193224592220725,-0.02070910333877307
2008-01-29,15.61,533.6582,-0.0025559105431310902,0.001454540404827842
2008-01-30,15.35,522.0606,-0.01665598975016014,-0.02173226233570469
2008-01-31,15.24,519.0241,-0.007166123778501565,-0.005816374574139527
2008-02-01,15.68,537.4514,0.02887139107611536,0.03550374635782827
2008-02-04,16.07,552.4469,0.024872448979591955,0.027901127432173434
2008-02-05,16.12,554.5125,0.0031113876789048422,0.0037390018841629846
2008-02-06,15.64,538.1645,-0.02977667493796532,-0.029481751989360094
2008-02-07,15.09,519.0489,-0.03516624040920724,-0.03551999435116948
2008-02-08,15.0,517.772,-0.005964214711729587,-0.002460076497609265
2008-02-11,14.29,491.2099,-0.04630020833333341,-0.05105914516425059
2008-02-12,14.26,489.3124,-0.0020993701889432392,-0.0038629107434520193
2008-02-13,14.53,498.6248,0.018934081346423604,0.019031604349286857
2008-02-14,15.28,526.1249,0.048735438676587146,0.05241275355320959
2008-02-15,15.55,536.2917,0.017670157068062853,0.019323928595662343
2008-02-18,15.47,533.6485,-0.005144694533762095,-0.004928661025333736
2008-02-19,15.51,534.0338,0.0025856496444731647,0.0007220108367211875
2008-02-20,15.13,521.2873,-0.024500322372662753,-0.02386833941971478
2008-02-21,15.2,525.0433,0.004626569729015095,0.007205239797708707
2008-02-22,14.97,516.8667,-0.015131578947368385,-0.01557319177294525
2008-02-25,15.22,525.9136,0.016700066800267255,0.01750335241175316
2008-02-26,15.43,532.8991,0.01379763469119566,0.013282600031640168
2008-02-27,15.44,532.7252,0.0006480881399870686,-0.00032632819233513466
2008-02-28,15.48,534.3827,0.002590673575129543,0.0031113602285006703
2008-02-29,15.18,528.284,-0.019379844961240345,-0.011412607481492199
2008-03-03,14.61,501.0359,-0.03754940711462451,-0.05105914516425059
2008-03-04,14.39,492.1024,-0.015058179329226484,-0.017830059682350186
2008-03-05,14.55,497.8404,0.011118832522585054,0.011660174792888611
2008-03-07,14.08,482.7536,-0.03230240549828178,-0.030304491158210545
2008-03-10,14.15,485.6341,0.004971590909090828,0.005966812054845283
2008-03-11,14.36,492.2174,0.014840989399293125,0.013556090892299366
2008-03-12,14.37,492.823,0.0006963788300835549,0.001230350653999679
2008-03-13,13.66,467.4862,-0.04630020833333341,-0.05105914516425059
2008-03-14,13.97,479.6941,0.022693997071742356,0.026113925929792225
2008-03-17,13.23,455.3528,-0.04630020833333341,-0.0507433799998791
2008-03-18,13.3,458.3353,0.005291005291005346,0.006549866389313985
2008-03-19,13.48,462.4561,0.013533834586466176,0.008990797784940385
2008-03-24,13.61,466.0469,0.009643916913946615,0.0077646289020731896
2008-03-25,14.28,493.0123,0.048735438676587146,0.05241275355320959
2008-03-26,14.2,488.1056,-0.0056022408963585235,-0.009952490029153438
2008-03-27,14.12,488.2363,-0.005633802816901401,0.0002677699251965038
2008-03-28,14.43,499.4985,0.02195467422096331,0.02306710910270282
2008-03-31,13.92,478.5616,-0.03534303534303529,-0.04191584158911388
2008-04-01,13.91,479.0684,-0.0007183908045976795,0.001059006823781905
2008-04-02,13.95,480.5339,0.0028756290438531895,0.0030590621297501563
2008-04-03,13.99,482.2787,0.0028673835125447855,0.003630961311990699
2008-04-04,13.65,469.7187,-0.02430307362401718,-0.026043032794108467
2008-04-07,13.98,481.2081,0.02417582417582409,0.024460171587803448
2008-04-08,13.86,476.0059,-0.008583690987124526,-0.010810707467309943
2008-04-09,13.95,479.7675,0.006493506493506551,0.007902423058201657
2008-04-10,13.92,478.375,-0.0021505376344085336,-0.002902447539693709
2008-04-11,14.07,482.8841,0.010775862068965525,0.009425868826757222
2008-04-15,14.31,493.122,0.017057569296375252,0.021201567829630452
2008-04-16,14.33,493.8876,0.0013976240391333494,0.00155255697373069
2008-04-17,14.51,501.0447,0.012561060711793415,0.01449135390319567
2008-04-21,14.69,508.9612,0.012405237767057153,0.015799987506104785
2008-04-22,14.72,510.1971,0.002042205582028611,0.002428279405188416
2008-04-23,14.64,507.5185,-0.005434782608695676,-0.005250127842749364
2008-04-24,14.59,505.1983,-0.003415300546448119,-0.004571656008598657
2008-04-25,14.91,516.4594,0.02193283070596297,0.0222904550549754
2008-04-28,14.84,514.218,-0.0046948356807512415,-0.004339934562135994
2008-04-29,15.09,524.9198,0.016846361185983927,0.020811795775332653
2008-04-30,15.01,521.9297,-0.005301524188204065,-0.005696298748875561
2008-05-02,15.17,528.1913,0.01065956029313786,0.011997017989204162
2008-05-05,15.11,524.5474,-0.0039551746868820015,-0.00689882623965965
2008-05-06,15.04,519.7297,-0.0046326935804102964,-0.009184489333089907
2008-05-07,15.02,518.785,-0.0013297872340425343,-0.0018176756109955505
2008-05-08,14.86,513.6711,-0.010652463382157085,-0.009857455400599346
2008-05-09,14.59,503.6773,-0.01816958277254377,-0.019455639999992225
2008-05-12,14.71,506.6857,0.008224811514736086,0.0059728719162051025
2008-05-13,14.55,501.1541,-0.010876954452753274,-0.010917221464904148
2008-05-14,14.73,506.5847,0.012371134020618513,0.010836187911063666
2008-05-15,15.03,517.0084,0.020366598778003953,0.020576420882825852
2008-05-16,15.15,521.2759,0.007984031936127733,0.008254217919863471
2008-05-20,15.05,515.9347,-0.0066006600660065695,-0.010246397349273129
2008-05-21,15.09,517.2452,0.0026578073089700283,0.0025400501264984943
2008-05-22,14.84,507.9449,-0.01656726308813783,-0.017980447184430037
2008-05-23,14.61,499.9879,-0.015498652291105142,-0.01566508493342489
2008-05-26,14.39,492.7674,-0.015058179329226484,-0.01444134948065745
2008-05-27,14.37,491.2212,-0.001389854065323215,-0.0031377887417065597
2008-05-28,14.54,497.1171,0.011830201809325036,0.012002535721178154
2008-05-29,14.37,489.2977,-0.011691884456671242,-0.0157294931113815
2008-05-30,14.5,492.7959,0.009046624913013224,0.007149430704456616
2008-06-02,14.18,479.6255,-0.022068965517241357,-0.026725871704695647
2008-06-03,14.07,477.2322,-0.007757404795486589,-0.00498993485542365
2008-06-04,13.7,464.0944,-0.026297085998578607,-0.02752915666629363
2008-06-05,13.96,473.2953,0.018978102189781243,0.01982549239982201
2008-06-06,13.94,468.336,-0.0014326647564470996,-0.010478236314622191
2008-06-09,13.61,455.5309,-0.023672883787661414,-0.027341694851559684
2008-06-10,13.45,450.3708,-0.011756061719324085,-0.01132766185565015
2008-06-11,13.65,457.8011,0.014869888475836479,0.016498183274759493
2008-06-12,13.7,459.3846,0.00366300366300365,0.0034589257212356284
2008-06-13,13.65,457.1345,-0.0036496350364962904,-0.004898074510987005
2008-06-16,13.8,462.7948,0.01098901098901095,0.01238213261086174
2008-06-17,14.01,470.9041,0.01521739130434785,0.017522452715544867
2008-06-18,13.82,463.862,-0.013561741613133393,-0.014954424903074748
2008-06-19,13.62,455.9816,-0.01447178002894367,-0.016988673355437633
2008-06-20,13.19,440.1862,-0.03157121879588842,-0.034640432859571635
2008-06-23,12.97,431.9887,-0.01667930250189531,-0.018622800987400323
2008-06-24,12.76,424.3948,-0.01619121048573635,-0.01757893204150951
2008-06-25,12.93,430.5919,0.013322884012539227,0.01460220530506029
2008-06-26,13.09,436.9552,0.012374323279195742,0.014778029962941641
2008-06-27,12.61,419.1099,-0.036669213139801426,-0.04084011358601525
2008-06-30,12.34,409.4035,-0.021411578112608964,-0.023159557910705453
2008-07-01,11.95,394.9092,-0.031604538087520284,-0.03540345893476726
2008-07-02,12.5,414.7154,0.046025104602510414,0.050153807508156234
2008-07-03,12.02,397.8639,-0.03839999999999999,-0.04063389013284768
2008-07-04,12.26,406.9876,0.019966722129783676,0.02293171107004177
2008-07-07,12.29,408.3808,0.002446982055464897,0.0034232001171534687
2008-07-08,12.16,404.2017,-0.010577705451586539,-0.010233341038560106
2008-07-09,12.63,421.18,0.03865131578947367,0.04200452397899368
2008-07-10,12.63,421.8914,0.0,0.0016890640581224137
2008-07-11,12.29,410.4769,-0.02692003167062562,-0.02705554083349404
2008-07-14,12.25,409.5207,-0.0032546786004881145,-0.0023294855325598496
2008-07-15,11.76,391.5207,-0.040000000000000036,-0.04395382211448651
2008-07-16,11.68,387.2616,-0.006802721088435382,-0.01087835202583154
2008-07-17,12.03,400.4456,0.02996575342465757,0.034044170658800166
2008-07-18,12.45,415.2469,0.034912718204488824,0.036962074249286214
2008-07-21,12.6,422.0162,0.012048192771084265,0.01630186763585728
2008-07-22,12.84,430.2034,0.01904761904761898,0.01940020312016455
2008-07-23,13.52,454.1233,0.048735438676587146,0.05241275355320959
2008-07-24,13.37,449.7671,-0.011094674556213047,-0.009592548983943239
2008-07-25,12.99,437.462,-0.02842183994016445,-0.0273588263792528
2008-07-28,13.05,439.4875,0.004618937644341736,0.004630116444399812
2008-07-29,12.64,425.1018,-0.03141762452107277,-0.03273289911544697
2008-07-30,13.0,437.6013,0.028481012658227778,0.029403545221403427
2008-07-31,13.06,439.7598,0.004615384615384688,0.004932572183857786
2008-08-01,13.29,447.8999,0.01761102603369058,0.01851033223136822
2008-08-04,13.25,446.1716,-0.0030097817908201208,-0.003858674672622131
2008-08-05,13.51,457.0365,0.019622641509434047,0.024351393051462722
2008-08-06,13.59,458.5164,0.005921539600296066,0.003238034598987083
2008-08-07,13.61,459.1456,0.0014716703458423908,0.0013722518976420073
2008-08-08,13.65,459.739,0.0029390154298309934,0.0012924004934382616
2008-08-11,13.86,468.9121,0.01538461538461533,0.019952842808637072
2008-08-12,13.7,462.0452,-0.011544011544011523,-0.01464432246470071
2008-08-13,13.63,459.6911,-0.005109489051094762,-0.005094956077890234
2008-08-14,13.38,449.8159,-0.018341892883345534,-0.02148225188610353
2008-08-18,13.28,446.0449,-0.007473841554559102,-0.008383429754261762
2008-08-19,13.19,443.531,-0.006777108433734913,-0.005635979696214433
2008-08-20,13.32,448.4001,0.009855951478392688,0.010978037611801605
2008-08-21,12.98,435.149,-0.02552552552552556,-0.02955195594291793
2008-08-22,13.12,439.5477,0.010785824345146189,0.010108491574150502
2008-08-25,13.14,440.3697,0.001524390243902607,0.0018701042002950974
2008-08-26,13.12,440.5766,-0.0015220700152207556,0.00046983250664145437
2008-08-27,13.01,435.9805,-0.008384146341463339,-0.010432011141762842
2008-08-28,12.81,428.302,-0.01537279016141424,-0.0176120262259436
2008-08-29,13.21,443.059,0.031225604996096834,0.034454660496565426
2008-09-01,13.18,442.0017,-0.002271006813020504,-0.002386363892844967
2008-09-02,13.6,457.7063,0.03186646433990892,0.03553063257448996
2008-09-04,13.47,452.0055,-0.00955882352941173,-0.012455148640077796
2008-09-05,13.21,442.342,-0.019302152932442418,-0.021379164634058645
2008-09-08,13.59,455.9325,0.02876608629825883,0.03072396471508476
2008-09-09,13.55,454.6388,-0.0029433406916850036,-0.002837481425430277
2008-09-10,13.33,447.7248,-0.01623616236162362,-0.015207676951461191
2008-09-11,13.01,436.5593,-0.02400600150037513,-0.024938310319196133
2008-09-12,12.84,430.3243,-0.013066871637202104,-0.014282137615668766
2008-09-15,12.43,409.7544,-0.031931464174454804,-0.04780092595282215
2008-09-16,12.45,409.937,0.0016090104585679832,0.00044563279857401383
2008-09-17,12.26,403.2319,-0.015261044176706817,-0.01635641574193114
2008-09-18,12.36,406.2324,0.00815660685154973,0.007441127549680404
2008-09-19,12.96,427.0442,0.04854368932038855,0.051231265649908764
2008-09-22,12.9,424.8043,-0.00462962962962965,-0.0052451245093598775
2008-09-23,12.62,415.1721,-0.02170542635658923,-0.02267444091314519
2008-09-24,12.75,418.6055,0.01030110935023787,0.008269823526195541
2008-09-25,12.64,413.5241,-0.008627450980392082,-0.012138875385058312
2008-09-26,12.28,400.9691,-0.02848101265822789,-0.030360987424916552
2008-09-29,11.91,387.4817,-0.030130293159609023,-0.03363700594384966
2008-09-30,12.12,394.5364,0.0176322418136019,0.01820653723775867
2008-10-01,12.25,397.5234,0.010726072607260884,0.007570911074364695
2008-10-03,11.85,384.2934,-0.032653061224489854,-0.03328105968101491
2008-10-06,11.21,362.7349,-0.04630020833333341,-0.05105914516425059
2008-10-07,11.19,363.1511,-0.001784121320249854,0.0011473944194506647
2008-10-08,10.92,353.8717,-0.024128686327077764,-0.025552449104518815
2008-10-10,10.25,330.4575,-0.04630020833333341,-0.05105914516425059
2008-10-13,10.9,351.5504,0.048735438676587146,0.05241275355320959
2008-10-14,11.0,354.3478,0.00917431192660545,0.007957322762255359
2008-10-15,10.44,336.2884,-0.04630020833333341,-0.050965181666148274
2008-10-16,10.25,329.4588,-0.018199233716475027,-0.020308758791561132
2008-10-17,9.71,309.9106,-0.04630020833333341,-0.05105914516425059
2008-10-20,9.88,314.7499,0.01750772399588052,0.015615148368594234
2008-10-21,10.24,325.9712,0.036437246963562764,0.03565148074709468
2008-10-22,9.77,309.031,-0.04589843750000011,-0.05105914516425059
2008-10-23,9.45,296.812,-0.032753326509723624,-0.03953972255210636
2008-10-24,8.46,260.8414,-0.04630020833333341,-0.05105914516425059
2008-10-27,8.32,254.8341,-0.01654846335697402,-0.023030469856395563
2008-10-29,8.84,272.2011,0.048735438676587146,0.05241275355320959
2008-10-31,9.44,291.0752,0.048735438676587146,0.05241275355320959
2008-11-03,9.91,306.9136,0.048735438676587146,0.05241275355320959
2008-11-04,10.2,316.7516,0.029263370332996974,0.0320546238420194
2008-11-05,9.77,301.971,-0.042156862745098,-0.04666306342256832
2008-11-06,9.47,291.6894,-0.03070624360286578,-0.03404830265157921
2008-11-07,9.7,299.7581,0.024287222808869968,0.02766195823365547
2008-11-10,10.21,317.3423,0.048735438676587146,0.05241275355320959
2008-11-11,9.59,296.2777,-0.04630020833333341,-0.05105914516425059
2008-11-12,9.33,287.2144,-0.027111574556829998,-0.030590557439861166
2008-11-14,9.23,283.3739,-0.010718113612004254,-0.0133715440451454
2008-11-17,9.19,282.2809,-0.004333694474539684,-0.003857094813601414
2008-11-18,8.84,270.5796,-0.0380848748639826,-0.04145268064541363
2008-11-19,8.7,265.74,-0.015837104072398245,-0.017886049059130937
2008-11-20,8.46,257.5093,-0.027586206896551557,-0.03097275532475352
2008-11-21,8.91,271.6053,0.048735438676587146,0.05241275355320959
2008-11-24,8.95,273.081,0.004489337822671136,0.0054332518548054765
2008-11-25,8.79,267.6261,-0.01787709497206702,-0.01997539191668407
2008-11-26,9.1,277.4957,0.03526734926052333,0.03687831642728412
2008-11-28,9.15,277.773,0.005494505494505475,0.0009992947638468586
2008-12-01,8.9,270.5062,-0.02732240437158473,-0.026160929967995572
2008-12-02,8.81,267.9822,-0.010112359550561778,-0.009330654898113244
2008-12-03,8.81,267.8446,0.0,-0.0005134669392219404
2008-12-04,9.23,281.0555,0.047673098751418896,0.04932300296515213
2008-12-05,8.97,273.6544,-0.028169014084507005,-0.026333233115879207
2008-12-08,9.18,280.6364,0.02341137123745818,0.025513932902229808
2008-12-10,9.6,295.1233,0.045751633986928164,0.05162160004903149
2008-12-11,9.59,294.3085,-0.0010416666666666075,-0.0027608799440775877
2008-12-12,9.58,294.4252,-0.0010427528675703845,0.00039652269642243
2008-12-15,9.76,300.4234,0.018789144050104456,0.0203725768038876
2008-12-16,9.94,306.5027,0.018442622950819665,0.020235773911086774
2008-12-17,9.67,297.7167,-0.02716297786720323,-0.02866532660234311
2008-12-18,9.97,308.4043,0.031023784901758056,0.03589855725258273
2008-12-19,9.99,310.0888,0.0020060180541623396,0.005461986100712579
2008-12-22,9.87,306.2343,-0.012012012012012074,-0.012430310285311719
2008-12-23,9.67,299.7582,-0.020263424518743633,-0.021147533114350803
2008-12-24,9.54,294.5497,-0.013443640124095269,-0.017375671457861785
2008-12-26,9.37,288.5506,-0.017819706498951815,-0.02036702125311962
2008-12-29,9.58,295.064,0.022411953041622246,0.022572817384542088
2008-12-30,9.73,300.8192,0.01565762004175375,0.019504920966298744
2008-12-31,9.67,298.7691,-0.006166495375128478,-0.006815057017637294
2009-01-01,9.88,306.2314,0.02171664943123064,0.02497681319788425
2009-01-02,9.91,307.5606,0.0030364372469635637,0.004340508517415298
2009-01-05,10.14,315.055,0.023208879919273562,0.02436723039296962
2009-01-06,10.12,314.1786,-0.0019723865877713243,-0.002781736522194489
2009-01-07,9.6,294.8459,-0.04630020833333341,-0.05105914516425059
2009-01-09,9.5,290.063,-0.01041666666666663,-0.016221694112076745
2009-01-12,9.22,280.0169,-0.029473684210526208,-0.034634200156517636
2009-01-13,9.15,277.178,-0.007592190889370909,-0.010138316651602142
2009-01-14,9.4,286.2665,0.02732240437158473,0.03278939887004029
2009-01-15,9.11,276.36,-0.030851063829787306,-0.034605865513428924
2009-01-16,9.39,285.5728,0.03073545554335899,0.03333622810826453
2009-01-19,9.44,287.3452,0.005324813631522707,0.006206473445650396
2009-01-20,9.26,282.3566,-0.01906779661016944,-0.01736099994014151
2009-01-21,9.0,273.2659,-0.028077753779697567,-0.03219581196260346
2009-01-22,9.06,274.0289,0.006666666666666821,0.0027921522590268477
2009-01-23,8.96,270.4832,-0.01103752759381893,-0.012939146199543172
2009-01-27,9.24,279.7934,0.03125,0.0344206220571186
2009-01-28,9.46,287.7133,0.023809523809523947,0.028306243106520634
2009-01-29,9.38,285.5108,-0.008456659619450302,-0.00765519007984683
2009-01-30,9.55,290.7877,0.01812366737739879,0.01848231310339199
2009-02-02,9.26,279.9091,-0.030366492146596924,-0.0374107983246883
2009-02-03,9.36,281.6383,0.010799136069114423,0.006177719838333262
2009-02-04,9.41,283.5923,0.005341880341880323,0.006937976830565962
2009-02-05,9.34,281.2778,-0.007438894792773709,-0.008161364042676755
2009-02-06,9.53,287.6074,0.020342612419700146,0.02250302014591976
2009-02-09,9.77,295.3273,0.025183630640083887,0.026841798924506
2009-02-10,9.82,296.7954,0.005117707267144445,0.004971094781958785
2009-02-11,9.79,295.9033,-0.003054989816700715,-0.003005774348254664
2009-02-12,9.66,292.6442,-0.01327885597548506,-0.01101407115094688
2009-02-13,9.81,298.2156,0.01552795031055898,0.01903813572932589
2009-02-16,9.52,288.1389,-0.02956167176350677,-0.033789982817800324
2009-02-17,9.3,280.3445,-0.02310924369747891,-0.027050842492978178
2009-02-18,9.32,280.9355,0.0021505376344086446,0.002108120544544345
2009-02-19,9.36,282.2651,0.0042918454935620964,0.004732758942889159
2009-02-20,9.19,276.9293,-0.01816239316239321,-0.01890350595946866
2009-02-24,9.18,276.6579,-0.0010881392818280489,-0.0009800335320243603
2009-02-25,9.26,279.5347,0.008714596949891185,0.010398401780682853
2009-02-26,9.36,281.866,0.010799136069114423,0.008339930606110713
2009-02-27,9.29,279.6416,-0.007478632478632563,-0.00789169321592531
2009-03-02,9.03,270.6562,-0.027987082884822323,-0.03213184304481154
2009-03-03,8.87,265.3949,-0.017718715393133966,-0.0194390521998018
2009-03-04,8.94,267.6851,0.007891770011273946,0.008629404709736166
2009-03-05,8.71,260.7786,-0.02572706935123026,-0.02580083837314817
2009-03-06,8.85,265.1547,0.016073478760045834,0.016780901500353274
2009-03-09,8.71,260.4083,-0.01581920903954792,-0.01790049356092871
2009-03-12,8.84,264.8608,0.01492537313432818,0.017098149329341616
2009-03-13,9.14,275.1204,0.03393665158371051,0.03873581896603806
2009-03-16,9.31,280.9539,0.018599562363238453,0.021203444019418205
2009-03-17,9.24,278.9494,-0.007518796992481258,-0.007134622441617444
2009-03-18,9.34,282.7025,0.010822510822510845,0.013454411445229741
2009-03-19,9.37,283.9587,0.0032119914346895317,0.004443540470989937
2009-03-20,9.36,283.9419,-0.0010672358591248265,-5.916353328860868e-05
2009-03-23,9.74,297.323,0.040598290598290676,0.04712619025230169
2009-03-24,9.77,297.2259,0.0030800821355234653,-0.0003265808565093842
2009-03-25,9.91,301.8263,0.014329580348004134,0.015477789788844065
2009-03-26,10.22,311.6808,0.03128153380423826,0.03264957361237242
2009-03-27,10.29,314.3306,0.006849315068492956,0.008501646556348774
2009-03-30,9.92,301.161,-0.03595724003887257,-0.041897289032630014
2009-03-31,10.04,305.4702,0.012096774193548265,0.014308625618854931
2009-04-01,10.15,309.4369,0.010956175298804993,0.01298555472841545
2009-04-02,10.58,324.6281,0.04236453201970436,0.04909304611053189
2009-04-06,10.67,329.1999,0.008506616257088817,0.014083192428505198
2009-04-08,10.91,337.8963,0.022492970946579316,0.026416775946772608
2009-04-09,10.9,337.8001,-0.0009165902841429263,-0.00028470273276148816
2009-04-13,11.0,341.8723,0.00917431192660545,0.012055058598265722
2009-04-15,11.24,352.0965,0.021818181818181737,0.029906488475375248
2009-04-16,10.96,340.5387,-0.02491103202846967,-0.03282566001082088
2009-04-17,11.02,342.0332,0.005474452554744325,0.00438863483063745
2009-04-20,10.97,341.2824,-0.004537205081669549,-0.002195108545018476
2009-04-21,10.95,340.0887,-0.001823154056517895,-0.003497689889663147
2009-04-22,10.85,336.5557,-0.0091324200913242,-0.010388466303055677
2009-04-23,11.11,345.9664,0.023963133640553025,0.027961790574338785
2009-04-24,11.28,351.7265,0.015301530153015275,0.016649304672361254
2009-04-27,11.3,350.6263,0.0017730496453902678,-0.003127998601185733
2009-04-28,10.99,339.7686,-0.02743362831858409,-0.030966587503561516
2009-04-29,11.33,351.0158,0.030937215650591376,0.033102529191926466
2009-05-04,11.84,369.1404,0.04501323918799649,0.05163471273942655
2009-05-05,11.79,369.9346,-0.004222972972973027,0.002151484909264756
2009-05-06,11.69,366.2136,-0.008481764206955011,-0.01005853467072293
2009-05-07,11.83,372.1422,0.011976047904191711,0.01618891270012912
2009-05-08,11.67,365.7653,-0.013524936601859716,-0.01713565405912032
2009-05-11,11.49,359.0934,-0.015424164524421524,-0.018240932094980122
2009-05-12,11.87,371.8398,0.03307223672758908,0.03549605757165142
2009-05-13,11.73,367.214,-0.011794439764111098,-0.01244030359310655
2009-05-14,11.61,363.054,-0.010230179028133057,-0.011328544118688333
2009-05-15,11.82,370.9305,0.01808785529715773,0.02169511973425453
2009-05-19,13.52,436.1238,0.048735438676587146,0.05241275355320959
2009-05-20,13.3,431.259,-0.016272189349112343,-0.011154630863988602
2009-05-21,13.12,425.2638,-0.013533834586466287,-0.013901622922652068
2009-05-22,13.22,428.042,0.007621951219512368,0.006532886175592667
2009-05-25,13.17,427.9307,-0.0037821482602118373,-0.0002600212128716084
2009-05-26,12.88,415.741,-0.022019741837509432,-0.028485219686271712
2009-05-27,13.3,431.8009,0.032608695652173836,0.038629579473759
2009-05-28,13.47,437.9494,0.012781954887218117,0.014239201446778038
2009-05-29,13.76,449.2157,0.021529324424647278,0.025725118015916815
2009-06-01,13.91,457.3608,0.010901162790697638,0.018131823976766492
2009-06-02,13.92,456.8842,0.0007189072609632419,-0.001042065695179728
2009-06-03,13.91,457.4254,-0.0007183908045976795,0.0011845452304981574
2009-06-04,14.02,461.8777,0.007907979870596549,0.009733390406391873
2009-06-05,14.09,463.3068,0.004992867332382245,0.003094109111567933
2009-06-08,13.75,447.4577,-0.024130589070262554,-0.03420864964641146
2009-06-09,14.06,459.6564,0.022545454545454646,0.02726224177168035
2009-06-10,14.37,470.4333,0.02204836415362732,0.023445556289436897
2009-06-11,14.3,468.8514,-0.004871259568545505,-0.0033626446087042794
2009-06-12,14.2,463.513,-0.006993006993007089,-0.011386123620405142
2009-06-15,13.91,453.4682,-0.02042253521126758,-0.021671021093259468
2009-06-16,13.97,456.8557,0.004313443565780117,0.007470204084872867
2009-06-17,13.56,440.5295,-0.029348604151753777,-0.035736010298218934
2009-06-18,13.37,429.9733,-0.014011799410029613,-0.02396252691363454
2009-06-19,13.57,436.2345,0.014958863126402377,0.014561834420881548
2009-06-22,13.36,428.3779,-0.015475313190862261,-0.018010038179006926
2009-06-23,13.38,429.5576,0.0014970059880241582,0.0027538768923418555
2009-06-24,13.49,434.1876,0.008221225710014934,0.010778531214440168
2009-06-25,13.36,428.6114,-0.00963676797627877,-0.012842835677481235
2009-06-26,13.75,442.0129,0.0291916167664672,0.03126725047443912
2009-06-29,13.81,443.5929,0.004363636363636347,0.00357455630819814
2009-06-30,13.59,433.573,-0.015930485155684293,-0.022588053145124798
2009-07-01,13.7,438.5738,0.008094186902133815,0.011533928542598382
2009-07-02,13.72,439.4058,0.0014598540145986938,0.0018970581462003366
2009-07-03,13.92,446.9834,0.014577259475218707,0.01724510691483827
2009-07-06,13.25,421.5215,-0.04630020833333341,-0.05105914516425059
2009-07-07,13.35,425.1864,0.007547169811320753,0.008694455680196667
2009-07-08,13.03,412.78,-0.02397003745318349,-0.029178731963204863
2009-07-09,13.06,408.5488,0.00230237912509601,-0.010250496632588701
2009-07-10,12.87,400.8793,-0.014548238897396759,-0.018772543206588832
2009-07-13,12.85,398.2362,-0.0015540015540015384,-0.006593256374175516
2009-07-14,13.19,411.9786,0.0264591439688715,0.03450816374804688
2009-07-15,13.52,424.1422,0.02501895375284313,0.029524834542376865
2009-07-16,13.52,423.9253,0.0,-0.0005113850967907174
2009-07-17,13.9,438.2281,0.028106508875739733,0.03373896297295764
2009-07-20,14.34,450.8926,0.031654676258992875,0.028899333474964317
2009-07-21,14.19,447.5825,-0.010460251046025104,-0.0073412160678618665
2009-07-22,14.03,440.5932,-0.01127554615926707,-0.01561566861975161
2009-07-23,14.33,453.0178,0.021382751247327247,0.02819970893785917
2009-07-24,14.42,457.5823,0.006280530355896818,0.010075763027412865
2009-07-27,14.42,457.9823,0.0,0.0008741596866836954
2009-07-28,14.36,457.144,-0.004160887656033285,-0.0018304200839203144
2009-07-29,14.24,452.099,-0.00835654596100277,-0.011035909910225294
2009-07-30,14.38,457.9431,0.00983146067415741,0.012926593511598083
2009-07-31,14.58,464.4124,0.013908205841446364,0.014126864232696157
2009-08-03,14.79,471.9061,0.014403292181069949,0.016135874063655464
2009-08-04,14.69,468.8712,-0.006761325219743042,-0.0064311522991543635
2009-08-05,14.77,470.2296,0.005445881552076148,0.0028971709074900875
2009-08-06,14.55,459.3716,-0.014895057549085933,-0.02309084753490631
2009-08-07,14.31,448.9782,-0.016494845360824795,-0.022625255893050422
2009-08-10,14.24,444.6246,-0.004891684136967167,-0.00969668460517692
2009-08-11,14.3,447.9842,0.004213483146067398,0.007556037160337148
2009-08-12,14.3,446.5967,0.0,-0.003097207446155492
2009-08-13,14.64,461.3136,0.023776223776223793,0.03295344546880896
2009-08-14,14.59,458.8172,-0.003415300546448119,-0.005411503151001806
2009-08-17,14.14,439.6182,-0.030843043180260432,-0.041844551599198976
2009-08-18,14.34,446.9415,0.014144271570014189,0.016658318513655734
2009-08-19,14.16,440.4676,-0.012552301255230103,-0.014484893436836899
2009-08-20,14.32,446.4316,0.011299435028248705,0.013540155961528244
2009-08-21,14.54,453.9997,0.015363128491620026,0.016952428994721824
2009-08-24,14.82,465.3577,0.01925722145804687,0.025017637676853166
2009-08-25,14.86,467.0039,0.0026990553306343035,0.0035374938461316674
2009-08-26,14.92,469.179,0.004037685060565233,0.0046575628169271965
2009-08-27,14.98,469.8996,0.004021447721179738,0.001535874367778689
2009-08-28,15.1,474.3703,0.008010680907877044,0.009514160046103282
2009-08-31,14.9,467.3326,-0.013245033112582738,-0.014835878215815779
2009-09-01,14.79,463.7015,-0.007382550335570559,-0.007769841008309686
2009-09-02,14.71,461.9939,-0.005409060175794345,-0.0036825414625573094
2009-09-03,14.65,460.5337,-0.004078857919782464,-0.0031606477921028997
2009-09-04,14.86,469.2093,0.014334470989761039,0.018838143658107986
2009-09-07,15.12,479.4369,0.01749663526244949,0.021797521916125717
2009-09-08,15.2,481.6637,0.005291005291005346,0.004644615381085737
2009-09-09,15.26,482.5552,0.003947368421052699,0.001850876451765071
2009-09-10,15.29,483.1152,0.001965923984272644,0.0011604889969065724
2009-09-11,15.33,484.2866,0.0026160889470243642,0.0024246804902847696
2009-09-14,15.3,482.215,-0.001956947162426559,-0.004277632294595879
2009-09-15,15.5,490.5479,0.013071895424836555,0.01728046618209733
2009-09-16,15.65,497.1611,0.00967741935483879,0.013481252289531565
2009-09-17,15.66,497.8688,0.0006389776357826893,0.0014234822475049924
2009-09-18,15.68,498.9115,0.0012771392081736277,0.002094326858802953
2009-09-22,15.79,503.3246,0.007015306122448939,0.008845456558928655
2009-09-23,15.67,498.295,-0.007599746675110763,-0.009992756165702943
2009-09-24,15.77,499.9461,0.0063816209317166805,0.003313499031698086
2009-09-25,15.71,497.1793,-0.0038046924540265925,-0.005534196586391982
2009-09-29,15.91,501.942,0.012730744748567835,0.00957944146105838
2009-09-30,16.13,509.6377,0.013827781269641681,0.015331851090365056
2009-10-01,16.18,509.5788,0.0030998140111593298,-0.0001155722977322915
2009-10-05,16.0,501.5278,-0.011124845488257096,-0.015799322891768663
2009-10-06,16.09,503.9427,0.005624999999999991,0.004815087020101361
2009-10-07,16.05,499.7689,-0.0024860161591049312,-0.008282290823936944
2009-10-08,16.08,501.412,0.0018691588785044733,0.003287719583991766
2009-10-09,15.92,495.7041,-0.00995024875621886,-0.011383652565155944
2009-10-12,16.24,506.5831,0.02010050251256268,0.02194656045814436
2009-10-14,16.4,512.9576,0.009852216748768461,0.01258332542084406
2009-10-15,16.34,512.1943,-0.003658536585365746,-0.0014880372178908141
2009-10-16,16.38,515.8502,0.00244798041615657,0.00713772097815224
2009-10-20,16.3,513.0552,-0.004884004884004756,-0.005418239636235445
2009-10-21,16.17,507.9252,-0.00797546012269934,-0.009998924092378347
2009-10-22,16.03,500.4229,-0.008658008658008698,-0.014770481952854464
2009-10-23,16.09,501.2631,0.0037429819089207506,0.0016789799187846288
2009-10-26,16.06,498.6257,-0.0018645121193288094,-0.005261508377536694
2009-10-27,15.78,486.1998,-0.01743462017434616,-0.024920295925380476
2009-10-28,15.74,484.1726,-0.0025348542458808465,-0.00416947929637157
2009-10-29,15.55,476.6163,-0.012071156289707674,-0.01560662457974693
2009-10-30,15.42,472.7352,-0.00836012861736335,-0.008143028259839258
2009-11-03,15.05,457.9247,-0.023994811932555038,-0.031329378476576464
2009-11-04,15.49,472.6096,0.029235880398670977,0.03206837281325958
2009-11-05,15.63,478.0774,0.009038089089735246,0.01156937988563933
2009-11-06,15.75,481.2465,0.007677543186180413,0.006628842944677915
2009-11-09,16.01,491.4538,0.016507936507936583,0.0212101282814523
2009-11-10,15.98,489.7529,-0.0018738288569645212,-0.0034609560451053234
2009-11-11,16.3,501.9657,0.020025031289111483,0.024936656832455828
2009-11-12,16.16,496.8336,-0.008588957055214785,-0.010224005345385256
2009-11-13,16.31,501.4534,0.009282178217821624,0.009298485448649307
2009-11-16,16.45,507.3438,0.008583690987124415,0.011746654823758362
2009-11-17,16.46,507.7583,0.0006079027355623268,0.0008170002274592303
2009-11-18,16.4,506.997,-0.0036452004860269005,-0.0014993354121439761
2009-11-19,16.26,500.4197,-0.008536585365853444,-0.012973055067387107
2009-11-20,16.41,506.7554,0.009225092250922495,0.012660772547523624
2009-11-23,16.5,511.8457,0.005484460694698434,0.010044885560173578
2009-11-24,16.5,510.5392,0.0,-0.0025525270604012107
2009-11-25,16.57,512.2932,0.004242424242424159,0.003435583398884834
2009-11-26,16.33,502.0254,-0.014484007242003716,-0.020042819229300624
2009-11-27,16.14,495.6363,-0.011635027556644029,-0.012726646898742588
2009-11-30,16.44,504.7121,0.018587360594795488,0.01831141100843503
2009-12-01,16.69,513.6331,0.015206812652068136,0.01767542327596261
2009-12-02,16.66,513.7576,-0.0017974835230677444,0.00024239092067857015
2009-12-03,16.67,514.595,0.0006002400960385401,0.0016299515569209166
2009-12-04,16.61,512.3088,-0.003599280143971373,-0.004442717088195547
2009-12-07,16.51,508.0667,-0.006020469596628386,-0.008280357471899702
2009-12-08,16.75,516.1826,0.014536644457904258,0.015974083717748
2009-12-09,16.63,512.5825,-0.0071641791044776415,-0.006974469887206625
2009-12-10,16.74,514.8392,0.006614552014431618,0.0044026083606054645
2009-12-11,16.69,513.0952,-0.0029868578255672906,-0.003387465445521709
2009-12-14,16.65,511.917,-0.002396644697423733,-0.002296260031276809
2009-12-15,16.48,504.647,-0.010210210210210069,-0.014201520949685187
2009-12-16,16.49,505.5358,0.0006067961165048263,0.0017612311179893148
2009-12-17,16.51,505.501,0.0012128562765314488,-6.883785480671367e-05
2009-12-18,16.36,500.0873,-0.0090854027861903,-0.010709573274830242
2009-12-21,16.3,496.5593,-0.003667481662591565,-0.007054768237465758
2009-12-22,16.41,500.0881,0.006748466257668673,0.007106502687594496
2009-12-23,16.89,515.9519,0.029250457038391353,0.031722010581735516
2009-12-24,16.97,519.357,0.00473653049141487,0.006599646207330556
2009-12-29,17.02,520.2733,0.0029463759575723003,0.001764297005720561
2009-12-30,16.98,518.4169,-0.00235017626321965,-0.0035681246760114194
2009-12-31,17.1,521.5715,0.007067137809187329,0.006085063970715288
2010-01-04,17.11,524.6476,0.0005847953216373547,0.005897753232299019
2010-01-05,17.22,529.2107,0.006428988895382792,0.008697457112164297
2010-01-06,17.23,529.5922,0.0005807200929153211,0.0007208848951845148
2010-01-07,17.16,527.7152,-0.004062681369704002,-0.0035442364898879974
2010-01-08,17.07,525.8716,-0.005244755244755206,-0.00349355106693916
2010-01-11,17.06,526.3273,-0.0005858230814295151,0.0008665613431113606
2010-01-12,16.98,522.417,-0.004689331770222682,-0.007429407518857567
2010-01-13,17.01,524.7672,0.0017667844522968323,0.004498705057454089
2010-01-14,17.07,527.3545,0.003527336860670083,0.004930376746107745
2010-01-15,17.1,526.5762,0.0017574692442883233,-0.001475857321782681
2010-01-18,17.16,528.8187,0.0035087719298245723,0.004258642908661736
2010-01-19,17.06,523.9176,-0.005827505827505908,-0.009268015673424612
2010-01-20,17.1,523.5179,0.0023446658851116187,-0.0007629062280021248
2010-01-21,16.72,510.7518,-0.022222222222222365,-0.02438522159414236
2010-01-22,16.61,504.9333,-0.006578947368421018,-0.01139203033645697
2010-01-25,16.59,502.0992,-0.0012040939193256328,-0.005612820544812491
2010-01-27,16.22,486.6391,-0.022302591922845116,-0.030790927370527577
2010-01-28,16.22,488.0464,0.0,0.0028918761357237255
2010-01-29,16.24,489.5283,0.0012330456226881115,0.0030363916217801545
2010-02-01,16.24,491.3029,0.0,0.0036251223882255434
2010-02-02,16.08,484.3343,-0.009852216748768461,-0.014183917904820098
2010-02-03,16.35,494.5016,0.0167910447761197,0.020992318735220783
2010-02-04,16.13,485.8794,-0.013455657492354889,-0.017436141763747637
2010-02-05,15.79,473.2919,-0.021078735275883442,-0.025906634444679
2010-02-08,15.94,477.4477,0.00949968334388851,0.00878062776903632
2010-02-09,16.07,480.7255,0.008155583437892133,0.006865254560866063
2010-02-10,15.98,477.1716,-0.005600497822028649,-0.007392784447673328
2010-02-11,16.18,484.1299,0.01251564455569465,0.014582385037164913
2010-02-15,16.04,481.6157,-0.008652657601977753,-0.005193234295175819
2010-02-16,16.16,486.9909,0.007481296758104827,0.011160765730851452
2010-02-17,16.34,492.808,0.011138613861386037,0.011944987062386447
2010-02-18,16.29,490.2103,-0.003059975520195879,-0.005271221246408331
2010-02-19,16.18,485.9176,-0.006752608962553697,-0.008756853946153331
2010-02-22,16.2,487.0491,0.0012360939431397266,0.0023285841056179812
2010-02-23,16.26,488.407,0.0037037037037037646,0.0027880145964749303
2010-02-24,16.21,487.2555,-0.0030750307503075724,-0.0023576648164338465
2010-02-25,16.16,487.3615,-0.0030845157310303017,0.00021754500462289883
2010-02-26,16.3,493.6092,0.008663366336633782,0.012819436906690518
2010-03-02,16.59,503.0509,0.017791411042944683,0.01912788497459128
2010-03-03,16.82,510.1553,0.013863773357444265,0.014122626557272921
2010-03-04,16.8,509.3613,-0.0011890606420926764,-0.0015563888094468625
2010-03-05,16.82,510.1972,0.0011904761904761862,0.0016410748127115848
2010-03-08,16.9,513.7108,0.0047562425683709275,0.006886748888468963
2010-03-09,16.86,511.4544,-0.002366863905325367,-0.004392354608857563
2010-03-10,16.88,512.9232,0.0011862396204032066,0.0028718102728217954
2010-03-11,16.96,514.6298,0.004739336492891155,0.003327203760719044
2010-03-12,16.98,514.9866,0.001179245283018826,0.0006933139122529131
2010-03-15,16.96,514.1518,-0.0011778563015312216,-0.0016210130516016719
2010-03-16,17.15,521.0755,0.01120283018867907,0.013466256463558146
2010-03-17,17.22,524.4523,0.004081632653061273,0.006480442853290969
2010-03-18,17.26,525.9329,0.0023228803716610624,0.0028231356788785966
2010-03-19,17.33,527.617,0.004055619930474874,0.003202119509922108
2010-03-22,17.21,521.8277,-0.006924408540103677,-0.010972542582971978
2010-03-23,17.27,523.8768,0.0034863451481697005,0.003926775063876287
2010-03-25,17.4,527.3768,0.007527504342790925,0.006680960103596867
2010-03-26,17.47,529.5338,0.004022988505747227,0.004090054776774377
2010-03-29,17.54,531.5973,0.00400686891814539,0.0038968239610011057
2010-03-30,17.47,527.5491,-0.003990877993158559,-0.00761516283096253
2010-03-31,17.45,526.2011,-0.0011448196908986352,-0.002555212396343709
2010-04-01,17.52,530.3391,0.0040114613180515235,0.007863913625418162
2010-04-05,17.78,538.1111,0.014840182648401923,0.014654774652670177
2010-04-06,17.79,537.8596,0.0005624296962878361,-0.0004673756032907983
2010-04-07,17.78,538.6838,-0.0005621135469363603,0.0015323701575653548
2010-04-08,17.57,531.6514,-0.011811023622047334,-0.013054782787230712
2010-04-09,17.73,537.3797,0.009106431417188476,0.010774541363005818
2010-04-12,17.68,535.1486,-0.0028200789622110367,-0.0041518129546016525
2010-04-13,17.61,533.7156,-0.0039592760180995334,-0.0026777609060362195
2010-04-15,17.49,528.7607,-0.006814310051107331,-0.009283783348285057
2010-04-16,17.45,527.6555,-0.002287021154945612,-0.0020901704684180844
2010-04-19,17.29,521.7282,-0.009169054441260704,-0.011233276256951585
2010-04-20,17.36,524.3688,0.004048582995951344,0.005061256033313866
2010-04-21,17.38,525.8451,0.0011520737327188613,0.002815384897042028
2010-04-22,17.43,528.285,0.0028768699654775354,0.004639959562235951
2010-04-23,17.5,531.7571,0.004016064257028162,0.006572399367765547
2010-04-26,17.58,533.5769,0.004571428571428449,0.0034222392141072255
2010-04-27,17.57,532.1572,-0.0005688282138792689,-0.0026607223813475134
2010-04-28,17.28,522.8547,-0.016505406943653878,-0.01748073689503782
2010-04-29,17.39,526.7214,0.0063657407407407,0.007395362420955731
2010-04-30,17.43,529.0973,0.0023001725129383477,0.004510733757922214
2010-05-03,17.26,523.5579,-0.009753298909925268,-0.010469529895540952
2010-05-04,17.04,516.1185,-0.01274623406720754,-0.014209316677295858
2010-05-05,16.99,513.7506,-0.002934272300469498,-0.004587899871831946
2010-05-06,16.91,510.337,-0.00470865214832239,-0.00664446912568073
2010-05-07,16.72,503.0114,-0.011235955056179803,-0.01435443638223377
2010-05-10,17.24,520.9608,0.031100478468899517,0.03568388310881221
2010-05-11,17.09,515.2071,-0.008700696055684354,-0.011044401037467622
2010-05-12,17.08,517.2515,-0.0005851375073142595,0.003968113017076114
2010-05-13,17.16,519.4718,0.004683840749414525,0.004292496010161573
2010-05-14,16.94,510.9191,-0.012820512820512775,-0.016464223851997417
2010-05-17,16.82,507.5343,-0.007083825265643551,-0.006624923593578802
2010-05-18,16.84,508.1629,0.0011890606420927874,0.0012385369816385605
2010-05-19,16.41,493.577,-0.025534441805225683,-0.028703197340852693
2010-05-20,16.51,496.4689,0.006093845216331495,0.005859065556134135
2010-05-21,16.44,494.8171,-0.004239854633555473,-0.0033270966217623377
2010-05-24,16.43,496.0765,-0.0006082725060828631,0.002545182856453554
2010-05-25,16.06,482.3433,-0.02251978088861839,-0.027683633471853653
2010-05-26,16.37,493.656,0.01930261519302623,0.02345362732311207
2010-05-27,16.65,502.2286,0.017104459376908743,0.017365533894047713
2010-05-28,16.84,508.5644,0.011411411411411443,0.012615370769406553
2010-05-31,16.93,510.5246,0.005344418052256605,0.003854379111082107
2010-06-01,16.57,498.9018,-0.021264028352037778,-0.022766385792183264
2010-06-02,16.72,503.8644,0.00905250452625217,0.009947047695558542
2010-06-03,16.97,512.9283,0.014952153110047828,0.01798876840673813
2010-06-04,17.03,515.4159,0.003535651149086716,0.0048498006446513475
2010-06-07,16.69,505.2315,-0.01996476805637115,-0.019759576683606395
2010-06-08,16.57,500.5222,-0.0071899340922708666,-0.009321073606851527
2010-06-09,16.67,502.8927,0.0060350030175015945,0.004736053665551632
2010-06-10,16.9,511.34,0.013797240551889356,0.016797420205145075
2010-06-11,17.0,515.4138,0.00591715976331364,0.007966910470528443
2010-06-14,17.2,523.2392,0.0117647058823529,0.015182752188629633
2010-06-15,17.27,526.0114,0.0040697674418603835,0.005298150444385641
2010-06-16,17.29,527.1091,0.0011580775911985697,0.0020868369012534416
2010-06-17,17.35,531.3113,0.003470213996529914,0.007972163637470775
2010-06-18,17.31,530.0755,-0.002305475504322918,-0.0023259433782039096
2010-06-21,17.63,539.1152,0.018486424032351234,0.01705360840106729
2010-06-22,17.51,535.4393,-0.006806579693703796,-0.0068183942875288395
2010-06-23,17.57,536.0933,0.0034266133637921303,0.0012214269666048772
2010-06-24,17.54,535.8319,-0.0017074558907228532,-0.00048760169172046286
2010-06-25,17.43,530.6782,-0.006271379703534752,-0.009618128371976509
2010-06-28,17.64,537.0916,0.012048192771084487,0.01208529010613213
2010-06-29,17.41,529.6735,-0.0130385487528345,-0.01381161053347324
2010-06-30,17.54,535.2951,0.0074669730040206606,0.010613330665022902
2010-07-01,17.32,529.1737,-0.012542759407069504,-0.011435561431442198
2010-07-02,17.3,527.7332,-0.0011547344110853786,-0.0027221685431457754
2010-07-05,17.27,527.5922,-0.001734104046242857,-0.00026718046164231346
2010-07-06,17.48,532.904,0.012159814707585426,0.010068003279805726
2010-07-07,17.37,528.0955,-0.0062929061784896545,-0.009023201176947437
2010-07-08,17.56,533.9962,0.01093839953943565,0.011173547208790824
2010-07-09,17.76,539.5523,0.011389521640091216,0.010404755689272571
2010-07-12,17.87,542.758,0.006193693693693714,0.005941407348277528
2010-07-13,17.87,544.5241,0.0,0.0032539363768013807
2010-07-14,17.82,543.0596,-0.002797985450475715,-0.0026895044682134772
2010-07-15,17.83,542.3104,0.0005611672278338364,-0.0013795907484189796
2010-07-16,17.91,543.8125,0.004486819966349032,0.0027698159577984605
2010-07-19,17.87,543.0447,-0.002233389168062483,-0.0014118836915296695
2010-07-20,17.85,541.1892,-0.0011191941801902416,-0.003416845795567114
2010-07-21,17.94,544.3235,0.005042016806722671,0.005791505078076131
2010-07-22,18.05,548.5878,0.006131549609810438,0.007834128050690614
2010-07-23,18.13,549.335,0.004432132963988922,0.0013620426848719447
2010-07-26,18.12,546.2527,-0.0005515719801433283,-0.005610965986146965
2010-07-27,18.18,547.4461,0.0033112582781456013,0.0021847031602773015
2010-07-28,18.13,544.1584,-0.002750275027502802,-0.006005522735480162
2010-07-29,18.11,545.3604,-0.0011031439602867676,0.0022089156392697262
2010-07-30,17.97,541.2117,-0.007730535615681933,-0.007607263013596266
2010-08-02,18.22,547.6148,0.013912075681691727,0.011831045042078658
2010-08-03,18.3,548.396,0.004390779363337094,0.0014265501955024185
2010-08-04,18.33,551.232,0.0016393442622948395,0.005171445451826795
2010-08-05,18.29,549.1766,-0.0021822149481723896,-0.0037287385347729574
2010-08-06,18.23,548.3654,-0.0032804811372333376,-0.001477120474543181
2010-08-09,18.36,553.0582,0.007131102578167736,0.008557797410267076
2010-08-10,18.25,550.6584,-0.005991285403050051,-0.004339145500419361
2010-08-11,18.11,546.6192,-0.007671232876712342,-0.007335219075928157
2010-08-12,18.11,546.1914,0.0,-0.0007826289307070189
2010-08-13,18.17,549.772,0.003313086692435352,0.006555577403818624
2010-08-16,18.15,546.4156,-0.0011007154650524154,-0.00610507628616952
2010-08-17,18.1,546.2219,-0.0027548209366389242,-0.00035449207526294657
2010-08-18,18.23,552.791,0.007182320441988965,0.01202643101640577
2010-08-19,18.34,558.9238,0.0060340098738342896,0.011094247192881213
2010-08-20,18.28,557.9543,-0.0032715376226826187,-0.001734583497786324
2010-08-23,18.37,559.2214,0.004923413566739532,0.0022709745224653854
2010-08-24,18.26,555.4456,-0.0059880239520957446,-0.006751887535062173
2010-08-25,18.15,551.1362,-0.006024096385542355,-0.007758455553523169
2010-08-26,18.21,552.6914,0.0033057851239670644,0.0028218070233818615
2010-08-27,18.0,545.7277,-0.011532125205930832,-0.012599617073831837
2010-08-30,18.01,546.4849,0.0005555555555556424,0.0013875051605407585
2010-08-31,17.96,545.1629,-0.0027762354247640175,-0.002419097032690165
2010-09-01,18.21,552.2065,0.013919821826280598,0.01292017486883279
2010-09-02,18.26,553.7351,0.0027457440966502933,0.0027681673431949605
2010-09-03,18.22,553.0624,-0.0021905805038336945,-0.001214840814678264
2010-09-06,18.54,562.8453,0.01756311745334793,0.01768860077994794
2010-09-07,18.6,565.5759,0.003236245954692629,0.004851421873825812
2010-09-08,18.67,566.0561,0.0037634408602149616,0.0008490460785191001
2010-09-09,18.77,569.4875,0.005356186395286455,0.0060619433303517045
2010-09-13,19.07,581.5907,0.015982951518380473,0.021252793081498744
2010-09-14,19.16,585.1586,0.004719454640797149,0.006134726707287541
2010-09-15,19.36,591.7531,0.010438413361169019,0.011269594260427951
2010-09-16,19.25,588.5004,-0.005681818181818121,-0.005496718141400514
2010-09-17,19.44,594.1785,0.009870129870130029,0.009648421649331107
2010-09-20,19.61,603.7665,0.008744855967078191,0.016136565022127236
2010-09-21,19.74,606.6371,0.006629270780214025,0.004754487040933952
2010-09-22,19.66,604.8115,-0.00405268490374866,-0.003009377435043148
2010-09-23,19.54,601.6389,-0.006103763987792554,-0.005245601315451154
2010-09-24,19.72,607.5436,0.00921187308085969,0.009814358745752427
2010-09-27,19.83,609.2639,0.005578093306288112,0.0028315663270916946
2010-09-28,19.81,608.633,-0.0010085728693898233,-0.001035511869322936
2010-09-29,19.7,604.7839,-0.005552751135790013,-0.006324172366598657
2010-09-30,19.76,608.5645,0.0030456852791880262,0.006251158471645812
2010-10-01,20.14,619.9751,0.019230769230769162,0.01875002567517492
2010-10-04,20.16,621.5645,0.0009930486593843213,0.0025636513466427147
2010-10-05,20.15,620.18,-0.0004960317460318553,-0.002227443813152097
2010-10-06,20.28,624.2639,0.006451612903225934,0.006585023702796011
2010-10-07,20.15,617.5973,-0.0064102564102564985,-0.010679137460936072
2010-10-08,20.07,615.8931,-0.003970223325061917,-0.0027594032551632175
2010-10-11,20.12,619.1309,0.0024912805181864783,0.0052570811395677985
2010-10-12,20.03,614.5964,-0.004473161033797246,-0.007323976238304386
2010-10-13,20.39,628.9806,0.017973040439341004,0.023404302400729993
2010-10-14,20.25,623.2774,-0.006866110838646411,-0.009067370281372833
2010-10-15,19.93,611.728,-0.01580246913580252,-0.018530111953361406
2010-10-18,19.95,613.0422,0.0010035122930256435,0.002148340438888008
2010-10-19,19.84,608.1398,-0.005513784461152804,-0.007996839369296183
2010-10-20,19.73,603.5839,-0.005544354838709631,-0.007491534018987167
2010-10-21,20.11,616.2426,0.019260010136847416,0.020972560732650525
2010-10-22,20.04,612.6888,-0.00348085529587272,-0.005766884665227678
2010-10-25,20.14,616.6645,0.004990019960079861,0.006488938593295579
2010-10-26,20.04,614.26,-0.0049652432969216065,-0.00389920288909118
2010-10-27,19.86,607.2755,-0.008982035928143728,-0.011370592257350376
2010-10-28,19.8,604.7533,-0.0030211480362537513,-0.00415330438985273
2010-10-29,19.87,607.7685,0.0035353535353535026,0.004985834719711368
2010-11-01,20.17,617.9343,0.015098137896326191,0.016726434489447772
2010-11-02,20.17,618.0672,0.0,0.0002150714080768612
2010-11-03,20.27,622.2358,0.004957858205255183,0.006744574052789165
2010-11-04,20.57,634.4335,0.014800197335964604,0.019603018662699867
2010-11-08,20.59,633.5331,0.000972289742343202,-0.0014192188779438286
2010-11-09,20.78,636.3783,0.00922778047595929,0.004491004495266182
2010-11-10,20.69,633.7693,-0.0043310875842156316,-0.004099762672611473
2010-11-11,20.43,625.5641,-0.012566457225713035,-0.012946666870736756
2010-11-12,20.06,613.2138,-0.018110621634850776,-0.01974266106383038
2010-11-15,20.22,618.2198,0.007976071784645988,0.00816354752616455
2010-11-16,19.88,604.8216,-0.016815034619188873,-0.021672227256389953
2010-11-18,19.88,605.8282,0.0,0.001664292412837165
2010-11-19,19.6,594.8854,-0.014084507042253391,-0.01806254644468519
2010-11-22,19.89,606.9165,0.01479591836734695,0.02022423142339691
2010-11-23,19.7,599.3287,-0.009552538964303747,-0.01250221406074814
2010-11-24,19.49,592.374,-0.010659898477157426,-0.011604149776241357
2010-11-25,19.27,585.7198,-0.011287839917906606,-0.011233106112017222
2010-11-26,19.15,580.8996,-0.00622729631551644,-0.008229532278062002
2010-11-29,19.41,588.7389,0.013577023498694496,0.01349510311248281
2010-11-30,19.52,592.0208,0.005667181865018023,0.005574457539666566
2010-12-01,19.77,601.8955,0.012807377049180335,0.016679650444713978
2010-12-02,19.94,607.0001,0.008598887202832639,0.008480874171679309
2010-12-03,19.92,605.0886,-0.0010030090270811698,-0.0031490933856517245
2010-12-06,19.94,605.0108,0.0010040160642570406,-0.0001285762118142797
2010-12-07,19.92,603.4236,-0.0010030090270811698,-0.0026234242430053234
2010-12-08,19.69,596.0747,-0.011546184738955856,-0.012178675146281903
2010-12-09,19.37,582.2496,-0.016251904520060978,-0.023193569530798763
2010-12-10,19.6,591.3919,0.011874032008260205,0.015701685325331338
2010-12-13,19.77,596.4343,0.00867346938775504,0.008526325774837362
2010-12-14,19.87,600.0972,0.005058168942842833,0.006141330235367226
2010-12-15,19.71,594.8738,-0.00805234021137391,-0.008704256577101277
2010-12-16,19.87,600.5498,0.008117706747843734,0.009541519562636713
2010-12-20,19.79,600.7117,-0.004026170105687066,0.0002695863024180234
2010-12-21,19.98,606.0997,0.009600808489135915,0.008969360843146701
2010-12-22,19.93,604.4579,-0.0025025025025025016,-0.002708795269161124
2010-12-23,19.94,604.0049,0.0005017561465128217,-0.0007494318462873961
2010-12-24,20.04,607.1804,0.005015045135406071,0.005257407679970738
2010-12-27,19.97,605.8284,-0.003493013972055925,-0.0022266858416377655
2010-12-28,19.97,605.6085,0.0,-0.0003629740698850581
2010-12-29,20.19,612.0826,0.011016524787180959,0.010690239651523825
2010-12-30,20.28,616.2547,0.004457652303120341,0.006816236893517402
2010-12-31,20.4,619.5308,0.005917159763313418,0.005316146067527061
2011-01-03,20.49,621.8361,0.004411764705882337,0.0037210417948549956
2011-01-04,20.41,620.6971,-0.003904343582235126,-0.0018316723651136124
2011-01-05,20.21,613.983,-0.009799118079372837,-0.010817031366829433
2011-01-06,20.13,610.7994,-0.003958436417615174,-0.005185159849702581
2011-01-07,19.75,596.3191,-0.018877297565822126,-0.023707128723440052
2011-01-10,19.34,582.0198,-0.02075949367088603,-0.023979275525469523
2011-01-11,19.37,581.1302,0.0015511892450879028,-0.0015284703372635544
2011-01-12,19.68,592.1174,0.016004130098089764,0.01890660647132103
2011-01-13,19.36,580.894,-0.016260162601625994,-0.018954687026592976
2011-01-14,19.05,571.0814,-0.016012396694214837,-0.016892238515116342
2011-01-17,19.05,571.0805,0.0,-1.5759574729656833e-06
2011-01-18,19.26,578.0971,0.011023622047244164,0.012286534035043983
2011-01-19,19.19,574.7675,-0.0036344755970924014,-0.005759586062618061
2011-01-20,19.21,576.8307,0.0010422094841062712,0.003589625370258309
2011-01-21,19.17,575.3057,-0.0020822488287349783,-0.002643756651648399
2011-01-24,19.32,580.0036,0.00782472613458518,0.00816591944074263
2011-01-25,19.16,574.3712,-0.008281573498964856,-0.009710974207746248
2011-01-27,18.88,566.0593,-0.014613778705636848,-0.014471303575109729
2011-01-28,18.64,556.7697,-0.012711864406779627,-0.016411001462214414
2011-01-31,18.65,556.1199,0.0005364806866952065,-0.0011670893728590315
2011-02-01,18.41,547.1807,-0.012868632707774719,-0.016074231474183964
2011-02-02,18.41,548.6648,0.0,0.0027122667155474733
2011-02-03,18.69,558.2037,0.015209125475285301,0.017385660607350806
2011-02-04,18.37,545.1325,-0.017121455323702572,-0.02341654130920301
2011-02-07,18.37,545.1376,0.0,9.355523657106346e-06
2011-02-08,18.13,536.7425,-0.013064779531845483,-0.015399965073038535
2011-02-09,17.99,530.7934,-0.007722007722007707,-0.011083713326222377
2011-02-10,17.87,527.9959,-0.006670372429127158,-0.005270412179201989
2011-02-11,18.11,536.5339,0.013430330162283122,0.0161705801124592
2011-02-14,18.58,551.2284,0.025952512424074925,0.02738783141195733
2011-02-15,18.66,553.7462,0.0043057050592034685,0.004567616617721537
2011-02-16,18.68,553.8107,0.001071811361200492,0.00011647935462111292
2011-02-17,18.9,560.3321,0.011777301927194728,0.01177550379579162
2011-02-18,18.65,551.5104,-0.013227513227513255,-0.015743699138421552
2011-02-21,18.8,557.5075,0.008042895442359255,0.01087395632067878
2011-02-22,18.62,552.5228,-0.009574468085106314,-0.008941045636157496
2011-02-23,18.46,549.3122,-0.008592910848549962,-0.0058108009298439844
2011-02-24,17.96,531.7085,-0.02708559046587211,-0.032046803256872924
2011-02-25,18.06,535.8176,0.0055679287305121505,0.007728106659946166
2011-02-28,18.2,538.8024,0.007751937984496138,0.005570552367074377
2011-03-01,18.81,557.8497,0.0335164835164834,0.03535117883661987
2011-03-03,18.78,559.244,-0.0015948963317382603,0.0024994187502476173
2011-03-04,18.77,559.4935,-0.0005324813631524261,0.00044613800058646014
2011-03-07,18.58,551.856,-0.010122535961641033,-0.013650739463461181
2011-03-08,18.76,557.6571,0.009687836383208026,0.01051198138644871
2011-03-09,18.76,558.6815,0.0,0.0018369711423023016
2011-03-10,18.67,554.9854,-0.004797441364605581,-0.0066157551306066376
2011-03-11,18.54,550.0473,-0.0069630423138726805,-0.008897711543402909
2011-03-14,18.76,558.7034,0.011866235167206085,0.015737010253481953
2011-03-15,18.5,550.4506,-0.013859275053304976,-0.014771343793504754
2011-03-16,18.7,556.6263,0.0108108108108107,0.01121935374400529
2011-03-17,18.56,550.1867,-0.007486631016042855,-0.011568982637004455
2011-03-18,18.39,542.8991,-0.009159482758620552,-0.013245685510027805
2011-03-21,18.4,541.9833,0.0005437737901032857,-0.0016868696227346769
2011-03-22,18.56,546.9304,0.008695652173912993,0.009127772018067581
2011-03-23,18.77,553.6185,0.011314655172413923,0.012228429796552032
2011-03-24,18.87,557.8342,0.005327650506126824,0.007614810559979368
2011-03-25,19.26,571.1188,0.020667726550079424,0.023814602977013433
2011-03-28,19.32,574.4313,0.0031152647975076775,0.005800019190403072
2011-03-29,19.45,579.4405,0.006728778467908869,0.008720276906916569
2011-03-30,19.61,584.6028,0.00822622107969151,0.008909111461832486
2011-03-31,19.74,589.2426,0.006629270780214025,0.007936670847283
2011-04-01,19.67,588.465,-0.0035460992907799804,-0.0013196601875017366
2011-04-04,19.92,596.7564,0.012709710218607118,0.014089877902679016
2011-04-05,19.92,596.9153,0.0,0.0002662728041122886
2011-04-06,19.84,595.0631,-0.004016064257028162,-0.0031029527974907323
2011-04-07,19.79,594.4454,-0.00252016129032262,-0.0010380411758014185
2011-04-08,19.72,590.0349,-0.0035371399696816352,-0.007419520783573996
2011-04-11,19.65,584.3396,-0.003549695740365122,-0.009652479878732523
2011-04-13,19.92,597.0041,0.013740458015267354,0.021673184565961234
2011-04-15,19.69,588.231,-0.011546184738955856,-0.014695208960876505
2011-04-18,19.48,578.5903,-0.01066531234129009,-0.016389309641960503
2011-04-19,19.51,579.7588,0.0015400410677619547,0.0020195637569451197
2011-04-20,19.77,591.1569,0.013326499231163469,0.019660072430121023
2011-04-21,19.85,594.4831,0.004046535154274222,0.005626594225661696
2011-04-25,19.89,593.449,0.00201511335012583,-0.0017394943607312863
2011-04-26,19.89,592.8312,0.0,-0.001041033012103787
2011-04-27,19.81,589.3481,-0.0040221216691805894,-0.005875365534067534
2011-04-28,19.76,584.4705,-0.0025239777889952686,-0.00827626321354058
2011-04-29,19.67,580.8436,-0.0045546558704453455,-0.006205445783833419
2011-05-02,19.53,575.9744,-0.007117437722419906,-0.008382979514623412
2011-05-03,19.13,562.2559,-0.020481310803891595,-0.023817898851060004
2011-05-04,19.1,559.4197,-0.001568217459487542,-0.005044322345038932
2011-05-05,18.83,552.0778,-0.014136125654450438,-0.013124135599801079
2011-05-06,19.07,561.3037,0.012745618693574157,0.016711231641627355
2011-05-09,19.08,561.2474,0.000524383848977239,-0.00010030220716539251
2011-05-10,19.06,560.2488,-0.0010482180293500676,-0.0017792510041026999
2011-05-11,19.1,562.639,0.0020986358866736943,0.004266318821209536
2011-05-12,18.88,554.6786,-0.011518324607329933,-0.014148326013660673
2011-05-13,19.06,560.5682,0.009533898305084776,0.010618040789747596
2011-05-16,18.92,555.9282,-0.007345225603357708,-0.008277315766395787
2011-05-17,18.71,549.866,-0.011099365750528611,-0.010904645599917329
2011-05-18,18.62,548.0106,-0.0048102618920363716,-0.0033742766419455617
2011-05-19,18.64,548.7627,0.0010741138560688146,0.0013724187086892048
2011-05-20,18.82,554.8927,0.00965665236051505,0.011170584298094699
2011-05-23,18.44,544.8101,-0.020191285866099862,-0.018170359783071466
2011-05-24,18.5,545.6434,0.0032537960954446277,0.0015295237735131195
2011-05-25,18.39,541.009,-0.005945945945945885,-0.008493459281281535
2011-05-26,18.65,547.7253,0.014138118542686096,0.012414396063651356
2011-05-27,18.82,554.1469,0.009115281501340666,0.011724125213861791
2011-05-30,18.81,553.8296,-0.0005313496280553442,-0.000572591852449067
2011-05-31,19.1,562.6056,0.015417331206805107,0.015846029175760945
2011-06-01,19.17,565.8122,0.003664921465968529,0.005699552226284155
2011-06-02,19.06,562.3488,-0.005738132498696036,-0.006121112270113582
2011-06-03,18.98,558.9535,-0.0041972717733472775,-0.006037711825827685
2011-06-06,18.96,560.4706,-0.0010537407797681642,0.002714179265359329
2011-06-07,19.07,562.8979,0.005801687763713037,0.004330824846120462
2011-06-08,18.96,560.1938,-0.0057682223387519604,-0.004803890723344417
2011-06-09,18.94,559.5985,-0.001054852320675037,-0.001062667955268437
2011-06-10,18.85,556.8321,-0.0047518479408659164,-0.004943544344739981
2011-06-13,18.84,556.5094,-0.0005305039787799615,-0.0005795283712989319
2011-06-14,18.89,558.2824,0.002653927813163426,0.0031859300130421264
2011-06-15,18.71,552.9157,-0.009528851244044456,-0.009612876923936753
2011-06-16,18.55,547.8775,-0.0085515766969535,-0.009112058131103828
2011-06-17,18.45,544.8002,-0.005390835579514919,-0.00561676652171339
2011-06-20,18.09,533.8103,-0.019512195121951237,-0.020172349422779234
2011-06-21,18.13,535.6173,0.002211166390270858,0.0033850976648446274
2011-06-22,18.2,536.2527,0.0038610038610038533,0.001186294766804652
2011-06-23,18.32,540.4643,0.00659340659340657,0.007853759990392506
2011-06-24,18.76,555.7502,0.02401746724890841,0.02828290416221746
2011-06-27,18.9,561.3299,0.00746268656716409,0.010039942405778657
2011-06-28,18.95,563.2141,0.002645502645502784,0.0033566713620636346
2011-06-29,19.16,569.032,0.011081794195250794,0.01032981951268619
2011-06-30,19.22,573.8703,0.0031315240083507057,0.008502685261988718
2011-07-01,19.17,571.8209,-0.002601456815816694,-0.0035711902149317964
2011-07-04,19.33,574.4292,0.008346374543557467,0.004561393261421465
2011-07-05,19.3,572.5572,-0.0015519917227106994,-0.003258887257124199
2011-07-06,19.25,571.8774,-0.002590673575129543,-0.0011873049539853353
2011-07-07,19.54,582.3488,0.015064935064935003,0.018310567964392455
2011-07-08,19.39,575.5498,-0.007676560900716445,-0.011675133528222248
2011-07-11,19.28,571.0155,-0.005673027333677139,-0.007878206195189419
2011-07-12,19.03,561.9104,-0.012966804979253066,-0.015945451568302405
2011-07-13,19.24,567.906,0.011035207566999272,0.010670028531239106
2011-07-14,19.29,569.6082,0.0025987525987525295,0.002997327022429941
2011-07-15,19.23,567.7622,-0.0031104199066873672,-0.003240824131394149
2011-07-18,19.17,566.3171,-0.0031201248049921304,-0.00254525574263309
2011-07-19,19.34,571.2596,0.008868022952529975,0.008727442628873483
2011-07-20,19.18,566.5358,-0.008273009307135482,-0.008269095171442142
2011-07-21,19.09,563.9488,-0.004692387904066675,-0.004566348675582366
2011-07-22,19.39,573.3024,0.01571503404924046,0.016585902833732513
2011-07-25,19.56,577.9788,0.008767405879319234,0.008156951723906847
2011-07-26,19.26,567.2861,-0.015337423312883236,-0.01850015952142181
2011-07-27,19.16,564.4582,-0.005192107995846351,-0.004984962614102528
2011-07-28,18.97,558.515,-0.009916492693110679,-0.010529034745176968
2011-07-29,18.9,557.9251,-0.0036900369003690647,-0.0010561936563923124
2011-08-01,18.98,561.436,0.004232804232804366,0.0062927801599175215
2011-08-02,18.81,555.3838,-0.008956796628029617,-0.010779857365755152
2011-08-03,18.7,550.1549,-0.005847953216374213,-0.00941493071998134
2011-08-04,18.45,542.7377,-0.013368983957219305,-0.013482021154405777
2011-08-05,18.01,530.489,-0.02384823848238471,-0.02256836037002774
2011-08-08,17.75,521.0862,-0.014436424208773002,-0.017724778459119905
2011-08-09,17.51,516.4797,-0.013521126760563273,-0.008840188053339304
2011-08-10,17.8,525.5403,0.016561964591661926,0.017542993461311385
2011-08-11,17.69,523.2279,-0.006179775280898858,-0.00440004315558673
2011-08-12,17.44,516.5878,-0.014132278123233477,-0.012690645892544983
2011-08-16,17.29,512.793,-0.008600917431192734,-0.007345895508953149
2011-08-17,17.32,515.2836,0.001735106998264957,0.004856930574325347
2011-08-18,16.94,503.8944,-0.021939953810623525,-0.02210277990605558
